Person,Age,Weight,Income,Pay Type,Car Value,CC Debt,Gender,Live Alone,Dwell Type,Mall Trips,Nbhd,Have Tried,Pay Type Hourly,Pay Type Salaried,Gender Female,Gender Male,Live Alone No,Live Alone Yes,Dwell Type Apt,Dwell Type Condo,Dwell Type Home,Have Tried No,Have Tried Yes
1,48,175,65500,Hourly,2190,3510,Male,No,Home,7,East,No,1,0,0,1,1,0,0,0,1,1,0
2,33,202,29100,Hourly,2110,740,Female,No,Condo,4,East,Yes,1,0,1,0,1,0,0,1,0,0,1
3,51,188,32200,Salaried,5140,910,Male,No,Condo,1,East,No,0,1,0,1,1,0,0,1,0,1,0
4,56,244,19000,Hourly,700,1620,Female,No,Home,3,West,No,1,0,1,0,1,0,0,0,1,1,0
5,28,218,81400,Salaried,26620,600,Male,No,Apt,3,West,Yes,0,1,0,1,1,0,1,0,0,0,1
6,51,173,73000,Salaried,24520,950,Female,No,Condo,2,East,No,0,1,1,0,1,0,0,1,0,1,0
7,44,182,66400,Salaried,10130,3500,Female,Yes,Condo,6,West,Yes,0,1,1,0,0,1,0,1,0,0,1
8,29,189,46200,Salaried,10250,2860,Male,No,Condo,5,West,Yes,0,1,0,1,1,0,0,1,0,0,1
9,28,200,61100,Salaried,17210,3180,Male,No,Condo,10,West,Yes,0,1,0,1,1,0,0,1,0,0,1
10,29,209,9800,Salaried,2090,1270,Female,Yes,Apt,7,East,Yes,0,1,1,0,0,1,1,0,0,0,1
11,29,171,46600,Salaried,16350,5520,Male,Yes,Home,11,West,Yes,0,1,0,1,0,1,0,0,1,0,1
12,30,243,24500,Salaried,5410,300,Male,No,Home,3,West,Yes,0,1,0,1,1,0,0,0,1,0,1
13,62,246,110900,Salaried,8410,730,Male,Yes,Condo,7,West,Yes,0,1,0,1,0,1,0,1,0,0,1
14,29,228,37200,Salaried,6420,700,Male,Yes,Apt,3,East,Yes,0,1,0,1,0,1,1,0,0,0,1
15,40,230,21800,Hourly,3230,1650,Male,No,Home,4,East,Yes,1,0,0,1,1,0,0,0,1,0,1
16,61,185,28900,Hourly,1300,1030,Male,Yes,Apt,2,South,No,1,0,0,1,0,1,1,0,0,1,0
17,30,215,161600,Salaried,9930,3300,Male,No,Home,5,South,Yes,0,1,0,1,1,0,0,0,1,0,1
18,37,185,8900,Salaried,2200,2500,Male,Yes,Home,5,West,Yes,0,1,0,1,0,1,0,0,1,0,1
19,59,202,69300,Salaried,6270,150,Male,Yes,Apt,1,South,No,0,1,0,1,0,1,1,0,0,1,0
20,45,201,9000,Hourly,1110,810,Female,No,Apt,3,West,No,1,0,1,0,1,0,1,0,0,1,0
21,37,163,65500,Salaried,3860,770,Male,No,Condo,7,East,Yes,0,1,0,1,1,0,0,1,0,0,1
22,34,144,42500,Salaried,7660,1470,Male,Yes,Home,7,East,Yes,0,1,0,1,0,1,0,0,1,0,1
23,26,161,36600,Salaried,10500,1070,Male,No,Condo,5,East,No,0,1,0,1,1,0,0,1,0,1,0
24,32,212,28800,Salaried,3380,1330,Male,No,Home,7,West,Yes,0,1,0,1,1,0,0,0,1,0,1
25,29,221,36700,Hourly,7740,700,Female,No,Home,5,West,Yes,1,0,1,0,1,0,0,0,1,0,1
26,33,220,10900,Salaried,320,830,Male,No,Home,3,East,No,0,1,0,1,1,0,0,0,1,1,0
27,27,211,53100,Salaried,9430,920,Female,No,Home,5,East,Yes,0,1,1,0,1,0,0,0,1,0,1
28,45,205,38500,Salaried,5900,880,Female,No,Condo,1,East,No,0,1,1,0,1,0,0,1,0,1,0
29,51,193,82300,Hourly,9500,720,Female,No,Home,3,East,No,1,0,1,0,1,0,0,0,1,1,0
30,27,183,30700,Hourly,7670,2330,Male,Yes,Home,3,West,Yes,1,0,0,1,0,1,0,0,1,0,1
31,43,171,23900,Salaried,1340,740,Female,No,Condo,2,East,No,0,1,1,0,1,0,0,1,0,1,0
32,49,184,21200,Hourly,1410,800,Female,No,Home,4,East,No,1,0,1,0,1,0,0,0,1,1,0
33,46,191,16200,Hourly,890,1200,Male,No,Home,4,South,No,1,0,0,1,1,0,0,0,1,1,0
34,52,221,15600,Hourly,1410,340,Female,Yes,Apt,2,East,No,1,0,1,0,0,1,1,0,0,1,0
35,31,153,53600,Salaried,14830,360,Male,No,Condo,6,West,Yes,0,1,0,1,1,0,0,1,0,0,1
36,52,197,16300,Hourly,4240,3210,Female,No,Home,5,West,No,1,0,1,0,1,0,0,0,1,1,0
37,43,165,37600,Salaried,4480,620,Female,No,Home,2,East,No,0,1,1,0,1,0,0,0,1,1,0
38,38,179,37800,Salaried,7340,2740,Male,No,Apt,8,West,Yes,0,1,0,1,1,0,1,0,0,0,1
39,38,198,58800,Salaried,21510,440,Male,Yes,Apt,6,West,Yes,0,1,0,1,0,1,1,0,0,0,1
40,31,200,14100,Salaried,1950,2140,Male,No,Home,7,East,Yes,0,1,0,1,1,0,0,0,1,0,1
41,28,151,28500,Hourly,3630,2520,Male,No,Home,9,West,Yes,1,0,0,1,1,0,0,0,1,0,1
42,24,223,25200,Hourly,3500,290,Female,Yes,Condo,6,West,Yes,1,0,1,0,0,1,0,1,0,0,1
43,29,144,36900,Salaried,3750,370,Male,No,Home,1,East,No,0,1,0,1,1,0,0,0,1,1,0
44,57,243,17600,Salaried,4750,0,Female,No,Apt,0,South,No,0,1,1,0,1,0,1,0,0,1,0
45,37,187,85900,Salaried,23860,690,Male,No,Home,4,West,Yes,0,1,0,1,1,0,0,0,1,0,1
46,48,191,40200,Hourly,3430,1400,Female,No,Home,7,East,No,1,0,1,0,1,0,0,0,1,1,0
47,45,155,52500,Salaried,3490,1200,Female,No,Condo,3,East,No,0,1,1,0,1,0,0,1,0,1,0
48,33,196,33500,Hourly,2050,880,Female,No,Condo,6,West,No,1,0,1,0,1,0,0,1,0,1,0
49,31,215,36800,Salaried,10140,3620,Male,No,Condo,7,West,Yes,0,1,0,1,1,0,0,1,0,0,1
50,35,187,4900,Salaried,1090,4200,Male,No,Home,5,East,Yes,0,1,0,1,1,0,0,0,1,0,1
51,48,203,38600,Salaried,3030,910,Female,No,Home,5,West,Yes,0,1,1,0,1,0,0,0,1,0,1
52,36,199,34400,Salaried,8620,1300,Female,Yes,Home,11,West,Yes,0,1,1,0,0,1,0,0,1,0,1
53,27,185,59600,Salaried,13770,2400,Female,Yes,Home,2,West,Yes,0,1,1,0,0,1,0,0,1,0,1
54,49,220,6600,Hourly,500,910,Male,Yes,Apt,1,East,No,1,0,0,1,0,1,1,0,0,1,0
55,49,198,47600,Salaried,13720,610,Female,No,Condo,1,South,No,0,1,1,0,1,0,0,1,0,1,0
56,42,200,67500,Salaried,700,510,Male,No,Apt,7,West,Yes,0,1,0,1,1,0,1,0,0,0,1
57,29,233,36300,Hourly,5810,2650,Female,No,Home,7,West,Yes,1,0,1,0,1,0,0,0,1,0,1
58,40,197,52600,Salaried,4210,1610,Female,No,Home,3,South,No,0,1,1,0,1,0,0,0,1,1,0
59,25,190,119000,Salaried,5810,180,Female,Yes,Apt,3,West,Yes,0,1,1,0,0,1,1,0,0,0,1
60,31,204,13800,Hourly,360,1170,Female,No,Home,5,West,No,1,0,1,0,1,0,0,0,1,1,0
61,42,203,63800,Salaried,2160,560,Male,No,Home,5,West,Yes,0,1,0,1,1,0,0,0,1,0,1
62,28,258,13100,Salaried,6110,130,Female,No,Condo,3,West,Yes,0,1,1,0,1,0,0,1,0,0,1
63,55,187,17200,Hourly,1310,170,Female,No,Home,3,East,No,1,0,1,0,1,0,0,0,1,1,0
64,36,142,22400,Hourly,2330,470,Male,No,Home,2,West,No,1,0,0,1,1,0,0,0,1,1,0
65,29,187,11300,Hourly,490,510,Female,No,Home,4,South,Yes,1,0,1,0,1,0,0,0,1,0,1
66,27,162,20900,Hourly,580,100,Male,No,Home,0,South,No,1,0,0,1,1,0,0,0,1,1,0
67,32,168,16300,Salaried,4260,3280,Female,No,Home,8,West,Yes,0,1,1,0,1,0,0,0,1,0,1
68,26,203,8000,Hourly,980,1300,Female,No,Condo,10,East,Yes,1,0,1,0,1,0,0,1,0,0,1
69,26,186,12000,Hourly,1270,1980,Female,No,Home,5,South,No,1,0,1,0,1,0,0,0,1,1,0
70,52,251,124600,Salaried,11000,850,Female,No,Condo,4,West,Yes,0,1,1,0,1,0,0,1,0,0,1
71,52,148,106900,Salaried,7430,3990,Male,No,Home,6,West,Yes,0,1,0,1,1,0,0,0,1,0,1
72,54,142,20700,Salaried,10910,2630,Female,Yes,Apt,2,South,Yes,0,1,1,0,0,1,1,0,0,0,1
73,33,195,104600,Salaried,8770,360,Male,Yes,Home,5,West,Yes,0,1,0,1,0,1,0,0,1,0,1
74,37,211,56900,Hourly,3160,6210,Male,No,Home,6,South,Yes,1,0,0,1,1,0,0,0,1,0,1
75,29,196,10200,Hourly,430,1500,Male,No,Home,5,East,Yes,1,0,0,1,1,0,0,0,1,0,1
76,31,176,50300,Salaried,7710,3250,Female,No,Home,10,West,Yes,0,1,1,0,1,0,0,0,1,0,1
77,25,197,15600,Hourly,1360,1670,Male,No,Apt,6,West,Yes,1,0,0,1,1,0,1,0,0,0,1
78,40,194,46500,Salaried,10450,6400,Female,No,Home,7,South,Yes,0,1,1,0,1,0,0,0,1,0,1
79,35,199,3200,Salaried,650,2900,Male,No,Apt,10,East,Yes,0,1,0,1,1,0,1,0,0,0,1
80,40,158,22900,Salaried,6020,440,Male,No,Condo,5,West,Yes,0,1,0,1,1,0,0,1,0,0,1
81,41,160,34800,Salaried,4720,230,Male,No,Home,3,West,Yes,0,1,0,1,1,0,0,0,1,0,1
82,29,160,46100,Salaried,14030,370,Male,No,Home,3,South,No,0,1,0,1,1,0,0,0,1,1,0
83,30,209,33500,Hourly,4550,1780,Male,No,Home,4,East,Yes,1,0,0,1,1,0,0,0,1,0,1
84,50,231,190500,Salaried,6300,4160,Male,No,Apt,3,West,Yes,0,1,0,1,1,0,1,0,0,0,1
85,30,193,10100,Salaried,3140,380,Female,No,Condo,2,West,No,0,1,1,0,1,0,0,1,0,1,0
86,39,184,45400,Hourly,7340,660,Male,No,Home,3,West,No,1,0,0,1,1,0,0,0,1,1,0
87,35,202,38400,Hourly,6960,1250,Male,Yes,Apt,4,West,Yes,1,0,0,1,0,1,1,0,0,0,1
88,46,193,47800,Salaried,6850,1060,Male,No,Condo,2,East,No,0,1,0,1,1,0,0,1,0,1,0
89,35,182,51700,Salaried,25880,1930,Female,No,Home,4,South,Yes,0,1,1,0,1,0,0,0,1,0,1
90,34,190,16900,Hourly,2320,3590,Male,No,Home,8,West,Yes,1,0,0,1,1,0,0,0,1,0,1
91,34,166,30000,Hourly,5550,2120,Female,No,Home,5,West,No,1,0,1,0,1,0,0,0,1,1,0
92,41,183,78400,Hourly,4500,540,Male,No,Home,3,South,Yes,1,0,0,1,1,0,0,0,1,0,1
93,34,218,107200,Salaried,2730,1970,Female,No,Apt,7,East,Yes,0,1,1,0,1,0,1,0,0,0,1
94,24,224,30200,Salaried,4530,3910,Male,No,Home,11,South,Yes,0,1,0,1,1,0,0,0,1,0,1
95,27,237,67800,Hourly,8140,1550,Female,No,Apt,5,East,Yes,1,0,1,0,1,0,1,0,0,0,1
96,30,181,31100,Salaried,12280,3680,Female,No,Condo,8,West,Yes,0,1,1,0,1,0,0,1,0,0,1
97,39,168,47900,Hourly,3010,830,Male,No,Home,3,East,No,1,0,0,1,1,0,0,0,1,1,0
98,38,162,17400,Hourly,1240,980,Female,Yes,Home,2,West,Yes,1,0,1,0,0,1,0,0,1,0,1
99,42,156,21100,Salaried,9270,230,Male,No,Apt,0,West,Yes,0,1,0,1,1,0,1,0,0,0,1
100,36,155,13400,Hourly,1650,320,Female,No,Apt,3,East,No,1,0,1,0,1,0,1,0,0,1,0
101,29,209,39900,Salaried,4240,700,Male,No,Condo,3,East,Yes,0,1,0,1,1,0,0,1,0,0,1
102,45,214,36100,Salaried,4510,1460,Male,No,Apt,4,East,No,0,1,0,1,1,0,1,0,0,1,0
103,38,238,61200,Salaried,10890,1820,Female,Yes,Condo,4,West,Yes,0,1,1,0,0,1,0,1,0,0,1
104,55,208,62800,Hourly,6490,1650,Male,No,Home,5,South,Yes,1,0,0,1,1,0,0,0,1,0,1
105,40,184,77900,Salaried,3230,3210,Male,No,Home,5,West,Yes,0,1,0,1,1,0,0,0,1,0,1
106,60,194,37400,Salaried,5110,670,Male,No,Condo,3,East,No,0,1,0,1,1,0,0,1,0,1,0
107,49,236,56700,Hourly,920,1680,Male,No,Home,4,East,No,1,0,0,1,1,0,0,0,1,1,0
108,32,197,45200,Hourly,5610,460,Female,No,Condo,4,East,No,1,0,1,0,1,0,0,1,0,1,0
109,30,170,19300,Salaried,6990,2020,Male,No,Condo,7,West,Yes,0,1,0,1,1,0,0,1,0,0,1
110,30,200,141700,Salaried,7670,370,Male,No,Home,1,South,No,0,1,0,1,1,0,0,0,1,1,0
111,53,195,129900,Salaried,8480,1050,Male,No,Home,8,East,Yes,0,1,0,1,1,0,0,0,1,0,1
112,38,150,49600,Hourly,7560,2020,Female,No,Home,2,South,No,1,0,1,0,1,0,0,0,1,1,0
113,48,161,30800,Salaried,2730,1080,Male,No,Home,3,East,No,0,1,0,1,1,0,0,0,1,1,0
114,28,218,14800,Salaried,1090,630,Male,No,Apt,5,South,Yes,0,1,0,1,1,0,1,0,0,0,1
115,42,215,43800,Hourly,2150,1250,Female,No,Home,8,South,Yes,1,0,1,0,1,0,0,0,1,0,1
116,56,203,11100,Hourly,1080,720,Male,No,Condo,3,West,No,1,0,0,1,1,0,0,1,0,1,0
117,41,168,24400,Salaried,3190,400,Female,No,Condo,2,East,No,0,1,1,0,1,0,0,1,0,1,0
118,34,173,31500,Hourly,6510,2340,Female,Yes,Home,7,West,Yes,1,0,1,0,0,1,0,0,1,0,1
119,53,190,33100,Salaried,4020,620,Male,Yes,Home,4,East,Yes,0,1,0,1,0,1,0,0,1,0,1
120,30,177,37600,Salaried,6270,2240,Male,No,Apt,9,South,Yes,0,1,0,1,1,0,1,0,0,0,1
121,31,190,44000,Hourly,5280,710,Male,Yes,Apt,2,West,No,1,0,0,1,0,1,1,0,0,1,0
122,40,219,101400,Salaried,9550,580,Male,No,Condo,4,South,No,0,1,0,1,1,0,0,1,0,1,0
123,31,205,35200,Salaried,9360,2890,Male,Yes,Apt,11,South,Yes,0,1,0,1,0,1,1,0,0,0,1
124,44,235,16200,Salaried,6130,930,Female,No,Apt,7,South,No,0,1,1,0,1,0,1,0,0,1,0
125,37,225,27200,Hourly,1220,100,Male,No,Apt,2,South,No,1,0,0,1,1,0,1,0,0,1,0
126,44,154,21300,Hourly,1470,3200,Female,No,Apt,10,West,Yes,1,0,1,0,1,0,1,0,0,0,1
127,34,154,19300,Salaried,3820,130,Male,No,Condo,2,East,No,0,1,0,1,1,0,0,1,0,1,0
128,30,192,33500,Salaried,11090,2700,Male,No,Home,7,West,Yes,0,1,0,1,1,0,0,0,1,0,1
129,24,212,39000,Salaried,5260,1060,Male,No,Home,4,West,Yes,0,1,0,1,1,0,0,0,1,0,1
130,25,216,83000,Salaried,24380,1690,Female,Yes,Apt,6,West,Yes,0,1,1,0,0,1,1,0,0,0,1
131,51,166,69800,Salaried,2860,370,Male,No,Condo,4,East,No,0,1,0,1,1,0,0,1,0,1,0
132,30,182,15400,Salaried,3390,2160,Female,No,Apt,9,East,Yes,0,1,1,0,1,0,1,0,0,0,1
133,26,168,86700,Salaried,15100,560,Female,No,Home,6,West,Yes,0,1,1,0,1,0,0,0,1,0,1
134,32,163,21800,Salaried,890,1060,Male,Yes,Condo,8,West,Yes,0,1,0,1,0,1,0,1,0,0,1
135,32,234,28800,Hourly,2910,350,Female,No,Condo,1,East,No,1,0,1,0,1,0,0,1,0,1,0
136,30,199,80300,Salaried,7200,590,Female,No,Home,2,West,Yes,0,1,1,0,1,0,0,0,1,0,1
137,32,174,72700,Salaried,5210,4080,Male,No,Apt,9,East,Yes,0,1,0,1,1,0,1,0,0,0,1
138,28,169,42400,Salaried,7970,400,Female,No,Home,1,East,No,0,1,1,0,1,0,0,0,1,1,0
139,40,167,54900,Salaried,11520,740,Female,No,Home,6,West,Yes,0,1,1,0,1,0,0,0,1,0,1
140,28,235,23400,Salaried,2950,600,Male,Yes,Home,7,West,Yes,0,1,0,1,0,1,0,0,1,0,1
141,42,173,27100,Hourly,3410,220,Male,No,Home,2,East,No,1,0,0,1,1,0,0,0,1,1,0
142,34,179,7100,Salaried,2480,350,Female,No,Home,3,West,Yes,0,1,1,0,1,0,0,0,1,0,1
143,42,208,64400,Salaried,10460,310,Female,Yes,Condo,3,South,No,0,1,1,0,0,1,0,1,0,1,0
144,27,147,59600,Salaried,7070,900,Female,No,Home,6,South,Yes,0,1,1,0,1,0,0,0,1,0,1
145,45,186,8900,Hourly,940,580,Male,No,Home,4,West,Yes,1,0,0,1,1,0,0,0,1,0,1
146,47,191,21500,Hourly,1700,4360,Female,No,Condo,7,West,Yes,1,0,1,0,1,0,0,1,0,0,1
147,52,182,81900,Hourly,3980,400,Male,No,Apt,3,West,No,1,0,0,1,1,0,1,0,0,1,0
148,58,215,34600,Hourly,3520,990,Male,Yes,Condo,5,West,Yes,1,0,0,1,0,1,0,1,0,0,1
149,53,200,63100,Hourly,4260,930,Male,Yes,Apt,2,West,No,1,0,0,1,0,1,1,0,0,1,0
150,58,175,9600,Salaried,1870,920,Female,No,Home,1,East,No,0,1,1,0,1,0,0,0,1,1,0
151,24,178,97200,Salaried,13400,400,Male,Yes,Condo,2,East,No,0,1,0,1,0,1,0,1,0,1,0
152,33,207,55600,Salaried,15990,930,Male,No,Apt,6,West,Yes,0,1,0,1,1,0,1,0,0,0,1
153,52,220,38000,Salaried,1070,0,Male,No,Condo,2,West,No,0,1,0,1,1,0,0,1,0,1,0
154,29,182,21200,Salaried,2320,1950,Female,No,Home,1,West,Yes,0,1,1,0,1,0,0,0,1,0,1
155,29,188,20000,Hourly,2270,1950,Male,No,Home,11,West,Yes,1,0,0,1,1,0,0,0,1,0,1
156,37,154,56600,Hourly,4820,1450,Female,No,Home,5,East,No,1,0,1,0,1,0,0,0,1,1,0
157,44,213,26500,Hourly,4560,510,Male,No,Home,4,West,No,1,0,0,1,1,0,0,0,1,1,0
158,37,214,17800,Salaried,12350,0,Male,Yes,Apt,3,South,Yes,0,1,0,1,0,1,1,0,0,0,1
159,51,196,60200,Hourly,1430,1570,Male,Yes,Home,5,West,Yes,1,0,0,1,0,1,0,0,1,0,1
160,25,197,111100,Salaried,16220,690,Female,Yes,Apt,5,West,Yes,0,1,1,0,0,1,1,0,0,0,1
161,39,183,30500,Salaried,4780,430,Male,No,Home,4,West,Yes,0,1,0,1,1,0,0,0,1,0,1
162,33,161,41300,Hourly,2500,2950,Male,No,Home,3,East,No,1,0,0,1,1,0,0,0,1,1,0
163,32,179,34800,Salaried,5870,850,Female,No,Apt,5,South,Yes,0,1,1,0,1,0,1,0,0,0,1
164,28,169,49400,Hourly,8880,480,Female,No,Condo,1,East,No,1,0,1,0,1,0,0,1,0,1,0
165,29,194,56500,Salaried,29970,3190,Female,No,Apt,11,South,Yes,0,1,1,0,1,0,1,0,0,0,1
166,35,231,8600,Salaried,2320,1310,Female,Yes,Apt,10,West,Yes,0,1,1,0,0,1,1,0,0,0,1
167,48,179,93000,Hourly,11580,460,Female,No,Apt,7,East,No,1,0,1,0,1,0,1,0,0,1,0
168,47,162,81500,Hourly,4370,490,Female,No,Home,6,East,No,1,0,1,0,1,0,0,0,1,1,0
169,38,180,40500,Hourly,2840,1180,Male,Yes,Apt,5,West,No,1,0,0,1,0,1,1,0,0,1,0
170,40,204,5100,Hourly,340,5070,Male,Yes,Apt,4,East,No,1,0,0,1,0,1,1,0,0,1,0
171,42,188,33000,Hourly,2570,1120,Male,Yes,Home,5,South,No,1,0,0,1,0,1,0,0,1,1,0
172,25,179,79200,Salaried,9440,1650,Male,No,Home,5,West,Yes,0,1,0,1,1,0,0,0,1,0,1
173,53,248,38900,Salaried,3030,1780,Male,No,Condo,9,East,Yes,0,1,0,1,1,0,0,1,0,0,1
174,31,248,36400,Salaried,8760,1010,Female,No,Home,5,West,No,0,1,1,0,1,0,0,0,1,1,0
175,59,185,49700,Salaried,5840,420,Male,No,Home,4,East,No,0,1,0,1,1,0,0,0,1,1,0
176,40,212,39500,Salaried,12130,1160,Male,No,Apt,5,West,Yes,0,1,0,1,1,0,1,0,0,0,1
177,64,220,49800,Salaried,11970,570,Male,No,Home,5,West,Yes,0,1,0,1,1,0,0,0,1,0,1
178,35,229,9100,Hourly,2050,4220,Male,No,Home,8,South,Yes,1,0,0,1,1,0,0,0,1,0,1
179,33,185,51800,Salaried,3810,3100,Male,No,Condo,7,West,Yes,0,1,0,1,1,0,0,1,0,0,1
180,46,155,28300,Hourly,1320,1400,Male,No,Apt,1,West,No,1,0,0,1,1,0,1,0,0,1,0
181,29,253,147700,Salaried,17270,1750,Female,No,Condo,4,South,Yes,0,1,1,0,1,0,0,1,0,0,1
182,35,176,33100,Salaried,6110,280,Female,No,Home,4,South,Yes,0,1,1,0,1,0,0,0,1,0,1
183,46,197,41300,Hourly,13710,490,Female,Yes,Condo,0,South,No,1,0,1,0,0,1,0,1,0,1,0
184,42,165,86700,Salaried,12770,1930,Female,Yes,Condo,1,South,No,0,1,1,0,0,1,0,1,0,1,0
185,57,227,23900,Salaried,4800,2460,Male,Yes,Condo,6,West,Yes,0,1,0,1,0,1,0,1,0,0,1
186,43,205,22600,Salaried,2000,2280,Male,No,Condo,4,South,No,0,1,0,1,1,0,0,1,0,1,0
187,43,242,33300,Hourly,4560,1290,Male,No,Condo,2,West,Yes,1,0,0,1,1,0,0,1,0,0,1
188,48,203,56600,Salaried,13550,1550,Male,No,Apt,4,West,Yes,0,1,0,1,1,0,1,0,0,0,1
189,36,223,56300,Salaried,4090,5480,Male,No,Apt,6,West,Yes,0,1,0,1,1,0,1,0,0,0,1
190,29,172,23700,Salaried,1130,120,Male,No,Apt,1,West,Yes,0,1,0,1,1,0,1,0,0,0,1
191,32,190,6500,Salaried,440,1590,Male,No,Condo,4,West,Yes,0,1,0,1,1,0,0,1,0,0,1
192,35,171,98800,Salaried,1730,1380,Male,No,Home,7,West,Yes,0,1,0,1,1,0,0,0,1,0,1
193,46,206,43400,Hourly,3820,650,Male,No,Home,6,West,Yes,1,0,0,1,1,0,0,0,1,0,1
194,31,224,56000,Hourly,5160,2090,Male,No,Apt,9,West,Yes,1,0,0,1,1,0,1,0,0,0,1
195,50,213,6200,Salaried,1380,850,Male,No,Condo,7,South,Yes,0,1,0,1,1,0,0,1,0,0,1
196,23,163,27300,Hourly,2880,550,Male,No,Home,3,East,No,1,0,0,1,1,0,0,0,1,1,0
197,32,174,53900,Salaried,19750,120,Female,No,Home,4,East,No,0,1,1,0,1,0,0,0,1,1,0
198,53,187,18000,Hourly,1300,100,Male,No,Home,1,South,No,1,0,0,1,1,0,0,0,1,1,0
199,39,223,33700,Salaried,3390,2090,Male,Yes,Apt,7,West,Yes,0,1,0,1,0,1,1,0,0,0,1
200,48,186,34800,Hourly,2040,1220,Male,No,Apt,4,West,Yes,1,0,0,1,1,0,1,0,0,0,1
201,41,221,23700,Hourly,830,760,Female,No,Condo,1,East,No,1,0,1,0,1,0,0,1,0,1,0
202,39,155,44900,Hourly,4390,940,Female,No,Home,5,South,No,1,0,1,0,1,0,0,0,1,1,0
203,43,242,20600,Salaried,3880,280,Male,No,Home,2,South,No,0,1,0,1,1,0,0,0,1,1,0
204,34,162,41900,Salaried,10920,990,Female,Yes,Home,6,West,Yes,0,1,1,0,0,1,0,0,1,0,1
205,26,188,57700,Salaried,4600,930,Female,No,Condo,11,West,Yes,0,1,1,0,1,0,0,1,0,0,1
206,24,186,77000,Hourly,10750,2400,Male,No,Home,5,East,No,1,0,0,1,1,0,0,0,1,1,0
207,47,185,18100,Hourly,130,1760,Male,No,Home,6,West,No,1,0,0,1,1,0,0,0,1,1,0
208,58,194,65400,Salaried,3960,2500,Female,No,Apt,10,East,Yes,0,1,1,0,1,0,1,0,0,0,1
209,30,164,65500,Hourly,2220,2730,Female,No,Home,9,West,Yes,1,0,1,0,1,0,0,0,1,0,1
210,25,190,74800,Salaried,16800,1510,Female,No,Apt,5,East,Yes,0,1,1,0,1,0,1,0,0,0,1
211,48,196,13300,Salaried,3620,170,Male,No,Apt,5,East,No,0,1,0,1,1,0,1,0,0,1,0
212,40,198,14200,Hourly,4950,4000,Female,Yes,Home,7,West,Yes,1,0,1,0,0,1,0,0,1,0,1
213,51,150,3800,Hourly,530,190,Male,No,Apt,5,East,No,1,0,0,1,1,0,1,0,0,1,0
214,42,195,80800,Salaried,9550,2360,Female,No,Home,11,West,Yes,0,1,1,0,1,0,0,0,1,0,1
215,29,156,64300,Salaried,8580,2560,Male,Yes,Home,7,West,Yes,0,1,0,1,0,1,0,0,1,0,1
216,40,188,46300,Salaried,16330,560,Female,No,Condo,4,South,No,0,1,1,0,1,0,0,1,0,1,0
217,39,190,8500,Hourly,460,1400,Male,No,Home,7,West,Yes,1,0,0,1,1,0,0,0,1,0,1
218,40,211,44900,Salaried,10120,2730,Female,No,Home,4,South,Yes,0,1,1,0,1,0,0,0,1,0,1
219,48,189,38800,Hourly,1770,1640,Female,No,Apt,8,South,Yes,1,0,1,0,1,0,1,0,0,0,1
220,41,194,76600,Salaried,1880,1030,Male,No,Home,5,South,Yes,0,1,0,1,1,0,0,0,1,0,1
221,32,179,50900,Salaried,11880,1500,Male,No,Condo,6,South,Yes,0,1,0,1,1,0,0,1,0,0,1
222,59,206,44400,Hourly,4290,510,Female,No,Condo,3,South,No,1,0,1,0,1,0,0,1,0,1,0
223,35,225,36500,Hourly,3850,80,Female,No,Home,0,West,No,1,0,1,0,1,0,0,0,1,1,0
224,41,197,48600,Hourly,920,2100,Male,No,Condo,8,West,Yes,1,0,0,1,1,0,0,1,0,0,1
225,55,177,47100,Salaried,5050,590,Male,Yes,Apt,5,West,Yes,0,1,0,1,0,1,1,0,0,0,1
226,31,223,42900,Salaried,4330,590,Female,No,Condo,7,West,Yes,0,1,1,0,1,0,0,1,0,0,1
227,40,160,39300,Hourly,6060,1380,Male,Yes,Condo,4,West,Yes,1,0,0,1,0,1,0,1,0,0,1
228,29,228,21000,Hourly,2090,170,Female,No,Apt,2,West,Yes,1,0,1,0,1,0,1,0,0,0,1
229,52,200,43300,Hourly,4140,910,Female,No,Condo,6,South,No,1,0,1,0,1,0,0,1,0,1,0
230,33,168,43300,Hourly,3390,2590,Male,No,Condo,5,East,Yes,1,0,0,1,1,0,0,1,0,0,1
231,38,180,31800,Hourly,4610,1570,Female,No,Apt,2,East,No,1,0,1,0,1,0,1,0,0,1,0
232,47,211,59800,Hourly,2950,1560,Male,No,Condo,3,East,Yes,1,0,0,1,1,0,0,1,0,0,1
233,56,156,15200,Salaried,3900,1290,Male,Yes,Condo,7,South,Yes,0,1,0,1,0,1,0,1,0,0,1
234,53,232,22500,Hourly,1230,230,Female,No,Home,3,South,No,1,0,1,0,1,0,0,0,1,1,0
235,27,173,43300,Salaried,6670,4600,Female,No,Condo,8,East,Yes,0,1,1,0,1,0,0,1,0,0,1
236,22,185,44100,Hourly,3440,1070,Male,No,Condo,6,South,Yes,1,0,0,1,1,0,0,1,0,0,1
237,43,217,17600,Salaried,10660,730,Female,No,Apt,4,West,Yes,0,1,1,0,1,0,1,0,0,0,1
238,34,255,51400,Salaried,12480,2270,Female,No,Condo,10,West,Yes,0,1,1,0,1,0,0,1,0,0,1
239,44,186,78300,Salaried,1140,1020,Female,No,Condo,4,South,No,0,1,1,0,1,0,0,1,0,1,0
240,39,235,71800,Salaried,19510,1130,Male,No,Home,5,West,Yes,0,1,0,1,1,0,0,0,1,0,1
241,27,232,9900,Hourly,700,2010,Female,No,Apt,6,East,Yes,1,0,1,0,1,0,1,0,0,0,1
242,30,165,19600,Salaried,6980,600,Female,No,Apt,3,West,Yes,0,1,1,0,1,0,1,0,0,0,1
243,28,188,54600,Hourly,7070,2400,Male,No,Condo,6,West,Yes,1,0,0,1,1,0,0,1,0,0,1
244,29,187,30300,Salaried,9070,2510,Male,No,Home,9,West,Yes,0,1,0,1,1,0,0,0,1,0,1
245,27,219,18300,Salaried,1040,1230,Female,No,Apt,10,West,Yes,0,1,1,0,1,0,1,0,0,0,1
246,29,189,12100,Hourly,1310,2880,Male,Yes,Apt,7,West,Yes,1,0,0,1,0,1,1,0,0,0,1
247,24,212,48000,Salaried,29910,650,Male,No,Condo,5,East,Yes,0,1,0,1,1,0,0,1,0,0,1
248,54,157,44500,Hourly,3610,700,Male,No,Home,2,East,No,1,0,0,1,1,0,0,0,1,1,0
249,24,163,73500,Hourly,3960,1140,Female,No,Home,6,West,Yes,1,0,1,0,1,0,0,0,1,0,1
250,59,155,83600,Hourly,10170,2140,Male,No,Home,3,South,No,1,0,0,1,1,0,0,0,1,1,0
251,41,173,41500,Salaried,11610,210,Male,No,Home,2,South,Yes,0,1,0,1,1,0,0,0,1,0,1
252,29,228,91600,Hourly,2940,710,Male,No,Condo,4,West,Yes,1,0,0,1,1,0,0,1,0,0,1
253,30,215,47500,Salaried,1560,1680,Female,No,Home,6,West,Yes,0,1,1,0,1,0,0,0,1,0,1
254,42,245,21900,Hourly,4090,1040,Female,No,Home,7,West,No,1,0,1,0,1,0,0,0,1,1,0
255,40,183,62000,Salaried,22300,1220,Male,No,Home,4,East,Yes,0,1,0,1,1,0,0,0,1,0,1
256,42,234,20100,Salaried,1490,1070,Female,No,Apt,5,East,Yes,0,1,1,0,1,0,1,0,0,0,1
257,28,215,22200,Hourly,2250,2170,Male,No,Home,1,West,No,1,0,0,1,1,0,0,0,1,1,0
258,33,164,47200,Salaried,5980,860,Female,No,Apt,6,East,Yes,0,1,1,0,1,0,1,0,0,0,1
259,32,179,46300,Salaried,13340,2060,Male,No,Condo,3,West,Yes,0,1,0,1,1,0,0,1,0,0,1
260,32,165,135500,Salaried,9020,830,Female,Yes,Home,4,West,Yes,0,1,1,0,0,1,0,0,1,0,1
261,48,178,21600,Salaried,1780,150,Male,No,Apt,2,East,No,0,1,0,1,1,0,1,0,0,1,0
262,35,227,67800,Salaried,11530,400,Female,No,Condo,1,East,No,0,1,1,0,1,0,0,1,0,1,0
263,39,210,23500,Hourly,1140,1010,Female,No,Home,6,West,Yes,1,0,1,0,1,0,0,0,1,0,1
264,27,212,14000,Salaried,7890,630,Male,No,Home,4,South,Yes,0,1,0,1,1,0,0,0,1,0,1
265,31,177,74600,Salaried,3770,1500,Female,No,Apt,6,West,Yes,0,1,1,0,1,0,1,0,0,0,1
266,40,189,107700,Salaried,7160,1260,Female,Yes,Apt,3,South,Yes,0,1,1,0,0,1,1,0,0,0,1
267,48,163,76600,Hourly,2800,340,Male,No,Apt,1,East,No,1,0,0,1,1,0,1,0,0,1,0
268,49,219,65300,Hourly,1640,780,Female,No,Apt,7,East,Yes,1,0,1,0,1,0,1,0,0,0,1
269,43,201,58600,Hourly,3810,5350,Female,No,Condo,6,East,No,1,0,1,0,1,0,0,1,0,1,0
270,49,193,74800,Salaried,29370,550,Female,Yes,Apt,3,South,Yes,0,1,1,0,0,1,1,0,0,0,1
271,42,149,34100,Salaried,7640,3520,Male,No,Condo,6,East,No,0,1,0,1,1,0,0,1,0,1,0
272,37,192,47100,Hourly,5620,1640,Male,No,Apt,5,South,No,1,0,0,1,1,0,1,0,0,1,0
273,46,237,7200,Hourly,650,950,Female,No,Home,7,West,Yes,1,0,1,0,1,0,0,0,1,0,1
274,28,178,30000,Hourly,4120,2020,Female,No,Condo,6,South,Yes,1,0,1,0,1,0,0,1,0,0,1
275,33,191,43500,Salaried,7670,1450,Female,No,Condo,2,East,No,0,1,1,0,1,0,0,1,0,1,0
276,36,186,36900,Salaried,10650,7000,Male,No,Condo,5,West,Yes,0,1,0,1,1,0,0,1,0,0,1
277,59,188,124800,Salaried,8570,730,Female,Yes,Apt,3,West,No,0,1,1,0,0,1,1,0,0,1,0
278,29,207,48300,Hourly,11120,2010,Female,No,Home,7,South,Yes,1,0,1,0,1,0,0,0,1,0,1
279,31,170,29300,Hourly,1550,1200,Male,No,Apt,2,East,No,1,0,0,1,1,0,1,0,0,1,0
280,52,192,27400,Hourly,2380,1750,Male,No,Home,6,South,Yes,1,0,0,1,1,0,0,0,1,0,1
281,47,151,73200,Hourly,4160,770,Male,No,Home,5,East,No,1,0,0,1,1,0,0,0,1,1,0
282,32,207,14100,Hourly,1460,1630,Female,No,Home,3,East,No,1,0,1,0,1,0,0,0,1,1,0
283,41,168,50200,Hourly,8480,910,Female,No,Condo,4,East,No,1,0,1,0,1,0,0,1,0,1,0
284,26,163,14600,Hourly,1310,1770,Male,No,Condo,3,South,No,1,0,0,1,1,0,0,1,0,1,0
285,27,211,55300,Salaried,5520,200,Female,No,Condo,1,East,No,0,1,1,0,1,0,0,1,0,1,0
286,30,163,46700,Salaried,3990,990,Male,No,Home,5,South,Yes,0,1,0,1,1,0,0,0,1,0,1
287,52,201,74400,Salaried,3810,670,Male,Yes,Apt,7,East,Yes,0,1,0,1,0,1,1,0,0,0,1
288,39,197,8300,Salaried,2010,640,Male,Yes,Apt,10,West,Yes,0,1,0,1,0,1,1,0,0,0,1
289,53,210,34100,Hourly,3380,1940,Male,No,Home,3,East,No,1,0,0,1,1,0,0,0,1,1,0
290,28,201,62700,Salaried,15270,740,Male,Yes,Condo,6,West,Yes,0,1,0,1,0,1,0,1,0,0,1
291,26,190,86900,Salaried,12350,2610,Male,Yes,Home,8,South,Yes,0,1,0,1,0,1,0,0,1,0,1
292,29,179,17500,Hourly,1040,1960,Female,No,Home,5,West,No,1,0,1,0,1,0,0,0,1,1,0
293,38,184,54100,Salaried,10580,940,Female,No,Home,3,South,No,0,1,1,0,1,0,0,0,1,1,0
294,27,197,43500,Hourly,7940,1610,Female,No,Home,7,West,No,1,0,1,0,1,0,0,0,1,1,0
295,29,166,24700,Hourly,1790,790,Male,No,Home,5,East,Yes,1,0,0,1,1,0,0,0,1,0,1
296,39,197,53500,Salaried,3120,1230,Female,No,Home,11,West,Yes,0,1,1,0,1,0,0,0,1,0,1
297,51,191,62200,Salaried,4850,1960,Female,No,Home,4,East,No,0,1,1,0,1,0,0,0,1,1,0
298,40,189,49900,Salaried,23140,780,Male,No,Home,5,South,Yes,0,1,0,1,1,0,0,0,1,0,1
299,29,249,9000,Hourly,450,1560,Female,No,Condo,8,West,Yes,1,0,1,0,1,0,0,1,0,0,1
300,46,213,31600,Hourly,5650,340,Male,No,Home,4,South,No,1,0,0,1,1,0,0,0,1,1,0
301,37,157,42500,Hourly,740,2650,Male,No,Condo,3,East,No,1,0,0,1,1,0,0,1,0,1,0
302,42,182,49000,Hourly,1820,2090,Female,No,Home,6,East,No,1,0,1,0,1,0,0,0,1,1,0
303,50,201,38400,Hourly,3540,280,Female,No,Home,2,East,No,1,0,1,0,1,0,0,0,1,1,0
304,22,228,28900,Salaried,2620,340,Male,No,Condo,2,West,No,0,1,0,1,1,0,0,1,0,1,0
305,62,206,17700,Hourly,1680,470,Male,No,Home,2,South,No,1,0,0,1,1,0,0,0,1,1,0
306,34,158,32700,Salaried,4190,910,Male,No,Home,7,West,Yes,0,1,0,1,1,0,0,0,1,0,1
307,31,166,44700,Hourly,1940,460,Male,No,Home,3,South,No,1,0,0,1,1,0,0,0,1,1,0
308,34,228,17000,Hourly,2280,2020,Female,No,Condo,5,West,No,1,0,1,0,1,0,0,1,0,1,0
309,38,238,82700,Salaried,7850,460,Male,No,Home,4,East,No,0,1,0,1,1,0,0,0,1,1,0
310,57,237,42500,Salaried,2100,1070,Male,No,Home,4,East,No,0,1,0,1,1,0,0,0,1,1,0
311,33,167,25400,Salaried,6820,1350,Male,Yes,Apt,3,East,Yes,0,1,0,1,0,1,1,0,0,0,1
312,45,170,28500,Hourly,4160,370,Female,No,Condo,5,West,Yes,1,0,1,0,1,0,0,1,0,0,1
313,38,161,21500,Salaried,7950,1820,Male,Yes,Apt,6,West,Yes,0,1,0,1,0,1,1,0,0,0,1
314,27,167,121600,Salaried,13580,0,Female,No,Condo,0,West,No,0,1,1,0,1,0,0,1,0,1,0
315,31,239,108800,Salaried,7660,1990,Male,Yes,Apt,5,West,Yes,0,1,0,1,0,1,1,0,0,0,1
316,45,176,75300,Salaried,4390,520,Male,No,Apt,5,South,Yes,0,1,0,1,1,0,1,0,0,0,1
317,28,210,125300,Salaried,12440,2480,Male,No,Condo,5,West,Yes,0,1,0,1,1,0,0,1,0,0,1
318,45,199,42000,Hourly,4130,1090,Male,No,Apt,4,East,No,1,0,0,1,1,0,1,0,0,1,0
319,37,191,13800,Hourly,1320,440,Female,No,Home,3,West,No,1,0,1,0,1,0,0,0,1,1,0
320,29,200,54000,Salaried,3270,2920,Female,Yes,Apt,7,South,Yes,0,1,1,0,0,1,1,0,0,0,1
321,36,192,45200,Hourly,4970,570,Male,No,Condo,9,West,Yes,1,0,0,1,1,0,0,1,0,0,1
322,55,164,19100,Hourly,890,670,Female,No,Home,3,East,No,1,0,1,0,1,0,0,0,1,1,0
323,45,225,78700,Hourly,6100,870,Female,No,Condo,2,East,No,1,0,1,0,1,0,0,1,0,1,0
324,29,210,21900,Hourly,2050,720,Male,No,Condo,2,South,No,1,0,0,1,1,0,0,1,0,1,0
325,51,210,75800,Salaried,7930,170,Male,No,Home,2,South,Yes,0,1,0,1,1,0,0,0,1,0,1
326,34,184,22300,Hourly,620,160,Female,No,Apt,1,South,No,1,0,1,0,1,0,1,0,0,1,0
327,27,167,38900,Salaried,4890,1990,Female,No,Condo,7,South,Yes,0,1,1,0,1,0,0,1,0,0,1
328,43,183,7400,Hourly,610,1200,Female,No,Home,4,South,No,1,0,1,0,1,0,0,0,1,1,0
329,44,186,39300,Hourly,2970,440,Female,No,Home,9,East,Yes,1,0,1,0,1,0,0,0,1,0,1
330,34,209,20500,Salaried,5030,1600,Female,No,Home,4,East,No,0,1,1,0,1,0,0,0,1,1,0
331,48,180,18800,Hourly,1110,590,Female,No,Condo,3,East,No,1,0,1,0,1,0,0,1,0,1,0
332,39,197,120400,Salaried,3210,640,Male,No,Home,4,East,No,0,1,0,1,1,0,0,0,1,1,0
333,28,194,40200,Hourly,6680,410,Male,No,Condo,5,West,Yes,1,0,0,1,1,0,0,1,0,0,1
334,30,206,18500,Hourly,2220,810,Male,No,Apt,2,West,No,1,0,0,1,1,0,1,0,0,1,0
335,33,173,20500,Hourly,2930,270,Female,No,Home,3,East,No,1,0,1,0,1,0,0,0,1,1,0
336,43,171,98100,Salaried,4030,380,Male,No,Home,2,South,No,0,1,0,1,1,0,0,0,1,1,0
337,30,227,41200,Salaried,15360,1750,Female,No,Apt,6,East,Yes,0,1,1,0,1,0,1,0,0,0,1
338,22,180,34000,Salaried,26420,480,Male,No,Home,6,East,No,0,1,0,1,1,0,0,0,1,1,0
339,49,179,49400,Salaried,9340,1080,Male,No,Home,8,East,Yes,0,1,0,1,1,0,0,0,1,0,1
340,50,179,51700,Salaried,23910,0,Female,No,Condo,0,East,No,0,1,1,0,1,0,0,1,0,1,0
341,24,169,25800,Salaried,4740,1830,Female,Yes,Apt,6,West,Yes,0,1,1,0,0,1,1,0,0,0,1
342,60,200,83300,Salaried,3230,0,Female,No,Condo,1,West,No,0,1,1,0,1,0,0,1,0,1,0
343,40,178,56400,Salaried,1410,1170,Male,No,Home,4,East,Yes,0,1,0,1,1,0,0,0,1,0,1
344,36,244,78200,Salaried,6620,2560,Female,No,Home,6,South,Yes,0,1,1,0,1,0,0,0,1,0,1
345,32,151,32000,Hourly,8720,830,Female,No,Condo,8,West,Yes,1,0,1,0,1,0,0,1,0,0,1
346,29,177,20400,Hourly,340,2860,Female,No,Condo,5,West,Yes,1,0,1,0,1,0,0,1,0,0,1
347,28,196,74900,Salaried,17890,730,Female,No,Home,4,South,Yes,0,1,1,0,1,0,0,0,1,0,1
348,48,179,51600,Salaried,21370,1190,Male,No,Home,6,West,No,0,1,0,1,1,0,0,0,1,1,0
349,45,149,52900,Hourly,6780,4510,Male,No,Home,10,West,Yes,1,0,0,1,1,0,0,0,1,0,1
350,36,175,17600,Hourly,1190,1870,Female,No,Home,5,West,No,1,0,1,0,1,0,0,0,1,1,0
351,43,231,19400,Hourly,1800,500,Female,No,Condo,8,West,Yes,1,0,1,0,1,0,0,1,0,0,1
352,50,168,52300,Salaried,2900,1150,Female,No,Apt,11,South,Yes,0,1,1,0,1,0,1,0,0,0,1
353,56,197,60900,Hourly,1860,1600,Female,No,Home,2,West,Yes,1,0,1,0,1,0,0,0,1,0,1
354,31,157,31700,Salaried,7180,1560,Female,Yes,Apt,6,East,Yes,0,1,1,0,0,1,1,0,0,0,1
355,29,195,49100,Salaried,7830,2050,Male,No,Apt,7,West,Yes,0,1,0,1,1,0,1,0,0,0,1
356,47,174,38900,Salaried,9450,2330,Male,No,Apt,5,West,Yes,0,1,0,1,1,0,1,0,0,0,1
357,32,203,46900,Hourly,8620,920,Female,No,Home,9,South,Yes,1,0,1,0,1,0,0,0,1,0,1
358,29,250,43700,Salaried,5020,1370,Male,No,Home,4,West,Yes,0,1,0,1,1,0,0,0,1,0,1
359,27,223,26100,Hourly,2090,1550,Male,No,Home,7,West,Yes,1,0,0,1,1,0,0,0,1,0,1
360,64,214,15500,Hourly,2040,670,Male,No,Condo,3,East,No,1,0,0,1,1,0,0,1,0,1,0
361,42,230,60100,Hourly,3820,860,Male,No,Home,5,West,Yes,1,0,0,1,1,0,0,0,1,0,1
362,45,229,20600,Salaried,4140,650,Female,No,Condo,2,East,No,0,1,1,0,1,0,0,1,0,1,0
363,37,193,87200,Salaried,6060,2350,Female,No,Condo,4,South,No,0,1,1,0,1,0,0,1,0,1,0
364,36,188,66800,Salaried,6270,310,Male,No,Condo,3,East,No,0,1,0,1,1,0,0,1,0,1,0
365,39,163,22800,Salaried,4860,1000,Male,No,Home,8,East,Yes,0,1,0,1,1,0,0,0,1,0,1
366,41,158,51500,Salaried,11820,2690,Male,No,Home,5,South,No,0,1,0,1,1,0,0,0,1,1,0
367,46,240,39200,Salaried,3450,390,Male,Yes,Home,1,East,No,0,1,0,1,0,1,0,0,1,1,0
368,43,183,9900,Hourly,620,220,Male,No,Home,3,East,Yes,1,0,0,1,1,0,0,0,1,0,1
369,34,233,65600,Salaried,7700,3550,Female,Yes,Home,8,West,Yes,0,1,1,0,0,1,0,0,1,0,1
370,40,184,27900,Hourly,1230,370,Male,No,Apt,2,South,No,1,0,0,1,1,0,1,0,0,1,0
371,43,219,130700,Salaried,4290,2490,Male,No,Condo,7,West,Yes,0,1,0,1,1,0,0,1,0,0,1
372,40,210,56200,Salaried,16390,1210,Male,No,Condo,7,South,Yes,0,1,0,1,1,0,0,1,0,0,1
373,36,188,70700,Salaried,25030,4320,Male,No,Home,3,East,No,0,1,0,1,1,0,0,0,1,1,0
374,39,150,35200,Hourly,3920,890,Male,No,Home,3,East,Yes,1,0,0,1,1,0,0,0,1,0,1
375,29,216,12100,Salaried,2670,2100,Male,No,Condo,5,West,Yes,0,1,0,1,1,0,0,1,0,0,1
376,37,186,64300,Hourly,4340,870,Female,No,Condo,1,East,No,1,0,1,0,1,0,0,1,0,1,0
377,25,175,55200,Salaried,7240,5040,Male,No,Apt,11,West,Yes,0,1,0,1,1,0,1,0,0,0,1
378,54,182,57600,Salaried,5430,1440,Male,No,Home,4,East,Yes,0,1,0,1,1,0,0,0,1,0,1
379,40,191,12300,Salaried,2500,140,Female,Yes,Apt,0,West,Yes,0,1,1,0,0,1,1,0,0,0,1
380,29,196,54900,Hourly,8670,460,Female,Yes,Condo,1,South,Yes,1,0,1,0,0,1,0,1,0,0,1
381,41,210,28100,Hourly,3250,410,Male,Yes,Home,3,East,No,1,0,0,1,0,1,0,0,1,1,0
382,30,225,28000,Hourly,6260,850,Male,No,Home,5,West,Yes,1,0,0,1,1,0,0,0,1,0,1
383,37,163,54500,Salaried,13660,1740,Female,No,Condo,5,West,Yes,0,1,1,0,1,0,0,1,0,0,1
384,33,220,107500,Salaried,9810,1980,Male,No,Apt,10,West,Yes,0,1,0,1,1,0,1,0,0,0,1
385,34,159,50900,Salaried,1870,480,Male,No,Home,6,West,Yes,0,1,0,1,1,0,0,0,1,0,1
386,30,226,72700,Salaried,4440,650,Male,Yes,Apt,3,West,Yes,0,1,0,1,0,1,1,0,0,0,1
387,52,210,100600,Salaried,17110,5840,Female,No,Condo,11,West,Yes,0,1,1,0,1,0,0,1,0,0,1
388,24,205,82900,Salaried,10330,1390,Male,Yes,Home,6,West,Yes,0,1,0,1,0,1,0,0,1,0,1
389,38,220,15200,Salaried,3650,550,Female,No,Home,4,West,Yes,0,1,1,0,1,0,0,0,1,0,1
390,57,225,11100,Salaried,1110,150,Male,No,Condo,4,South,No,0,1,0,1,1,0,0,1,0,1,0
391,54,218,72200,Hourly,4840,760,Male,No,Home,2,South,No,1,0,0,1,1,0,0,0,1,1,0
392,29,217,120000,Salaried,10320,480,Female,No,Home,3,East,No,0,1,1,0,1,0,0,0,1,1,0
393,34,208,38400,Hourly,4120,450,Male,No,Apt,4,East,No,1,0,0,1,1,0,1,0,0,1,0
394,44,181,28900,Salaried,2070,750,Male,No,Condo,7,East,No,0,1,0,1,1,0,0,1,0,1,0
395,31,171,21900,Salaried,5300,2850,Male,Yes,Home,9,West,Yes,0,1,0,1,0,1,0,0,1,0,1
396,25,197,42600,Salaried,7990,6430,Male,No,Home,10,East,Yes,0,1,0,1,1,0,0,0,1,0,1
397,27,213,47000,Salaried,9690,3750,Male,No,Apt,6,West,Yes,0,1,0,1,1,0,1,0,0,0,1
398,40,218,15900,Salaried,2330,960,Male,No,Apt,6,West,Yes,0,1,0,1,1,0,1,0,0,0,1
399,57,187,68700,Salaried,2430,840,Male,No,Apt,4,South,No,0,1,0,1,1,0,1,0,0,1,0
400,39,213,25500,Hourly,1180,1240,Male,No,Home,4,West,No,1,0,0,1,1,0,0,0,1,1,0
401,37,169,32600,Hourly,2310,3980,Female,No,Condo,3,East,No,1,0,1,0,1,0,0,1,0,1,0
402,56,173,48000,Salaried,14670,0,Male,No,Home,0,East,No,0,1,0,1,1,0,0,0,1,1,0
403,53,188,48600,Hourly,3820,580,Female,No,Apt,1,West,No,1,0,1,0,1,0,1,0,0,1,0
404,46,174,35200,Hourly,5130,0,Female,No,Condo,1,East,No,1,0,1,0,1,0,0,1,0,1,0
405,28,217,24200,Salaried,2600,830,Male,No,Condo,3,South,No,0,1,0,1,1,0,0,1,0,1,0
406,41,177,48900,Salaried,8950,2300,Male,Yes,Apt,5,East,No,0,1,0,1,0,1,1,0,0,1,0
407,30,192,45000,Salaried,28240,1640,Male,No,Condo,8,West,Yes,0,1,0,1,1,0,0,1,0,0,1
408,41,151,45600,Hourly,4320,540,Female,No,Home,1,South,No,1,0,1,0,1,0,0,0,1,1,0
409,52,189,70500,Salaried,3740,1410,Male,Yes,Apt,7,South,Yes,0,1,0,1,0,1,1,0,0,0,1
410,41,183,40000,Salaried,960,90,Female,No,Apt,1,West,No,0,1,1,0,1,0,1,0,0,1,0
411,47,166,71900,Salaried,5370,2680,Male,No,Apt,6,South,Yes,0,1,0,1,1,0,1,0,0,0,1
412,51,222,64400,Salaried,16180,880,Male,No,Apt,3,South,No,0,1,0,1,1,0,1,0,0,1,0
413,51,191,27200,Hourly,2600,540,Female,No,Home,4,West,Yes,1,0,1,0,1,0,0,0,1,0,1
414,39,173,60700,Salaried,12790,2510,Male,No,Condo,4,South,Yes,0,1,0,1,1,0,0,1,0,0,1
415,31,164,42800,Salaried,8700,1360,Female,No,Apt,7,West,Yes,0,1,1,0,1,0,1,0,0,0,1
416,51,177,61400,Salaried,8790,1720,Female,Yes,Apt,6,East,No,0,1,1,0,0,1,1,0,0,1,0
417,38,193,22600,Hourly,1000,0,Male,No,Apt,0,South,No,1,0,0,1,1,0,1,0,0,1,0
418,36,186,10400,Hourly,1510,260,Male,No,Home,5,West,Yes,1,0,0,1,1,0,0,0,1,0,1
419,42,207,31100,Hourly,1540,1560,Male,Yes,Apt,9,South,Yes,1,0,0,1,0,1,1,0,0,0,1
420,27,191,27800,Salaried,1090,2860,Male,No,Apt,7,West,Yes,0,1,0,1,1,0,1,0,0,0,1
421,36,181,21200,Salaried,5820,830,Male,No,Condo,3,East,No,0,1,0,1,1,0,0,1,0,1,0
422,43,253,36600,Hourly,7220,3400,Female,No,Home,9,East,Yes,1,0,1,0,1,0,0,0,1,0,1
423,30,156,32800,Salaried,350,600,Female,No,Apt,5,East,No,0,1,1,0,1,0,1,0,0,1,0
424,48,221,44700,Salaried,3340,330,Male,No,Home,2,West,No,0,1,0,1,1,0,0,0,1,1,0
425,27,167,54900,Salaried,12080,1100,Male,No,Apt,5,East,No,0,1,0,1,1,0,1,0,0,1,0
426,32,214,49500,Salaried,23640,1190,Male,No,Apt,8,West,Yes,0,1,0,1,1,0,1,0,0,0,1
427,49,196,33500,Hourly,2730,1090,Male,Yes,Apt,2,East,No,1,0,0,1,0,1,1,0,0,1,0
428,30,163,41100,Hourly,5080,520,Male,No,Home,5,East,Yes,1,0,0,1,1,0,0,0,1,0,1
429,55,208,52100,Salaried,7870,240,Female,No,Home,2,West,No,0,1,1,0,1,0,0,0,1,1,0
430,39,178,33300,Hourly,1810,470,Female,No,Home,1,East,No,1,0,1,0,1,0,0,0,1,1,0
431,33,175,14100,Hourly,1650,490,Female,No,Condo,1,South,No,1,0,1,0,1,0,0,1,0,1,0
432,45,205,30800,Hourly,3550,530,Male,No,Apt,2,East,No,1,0,0,1,1,0,1,0,0,1,0
433,31,182,65800,Salaried,1150,3250,Female,No,Apt,7,West,Yes,0,1,1,0,1,0,1,0,0,0,1
434,49,235,14200,Hourly,3200,1620,Female,No,Apt,7,West,No,1,0,1,0,1,0,1,0,0,1,0
435,48,192,23900,Hourly,2130,150,Female,No,Condo,1,South,No,1,0,1,0,1,0,0,1,0,1,0
436,39,175,58600,Hourly,7280,110,Female,No,Condo,3,South,No,1,0,1,0,1,0,0,1,0,1,0
437,28,157,15800,Hourly,3550,3690,Male,No,Condo,5,East,No,1,0,0,1,1,0,0,1,0,1,0
438,43,189,16000,Hourly,2050,330,Male,No,Home,2,South,No,1,0,0,1,1,0,0,0,1,1,0
439,51,229,11200,Hourly,320,130,Male,No,Apt,2,South,No,1,0,0,1,1,0,1,0,0,1,0
440,25,187,8300,Hourly,920,3430,Male,No,Condo,5,East,Yes,1,0,0,1,1,0,0,1,0,0,1
441,41,181,15400,Hourly,850,2260,Female,No,Home,9,South,Yes,1,0,1,0,1,0,0,0,1,0,1
442,30,183,17000,Hourly,1690,3560,Female,No,Condo,4,East,No,1,0,1,0,1,0,0,1,0,1,0
443,31,175,65700,Salaried,10900,670,Male,No,Apt,7,West,Yes,0,1,0,1,1,0,1,0,0,0,1
444,28,227,13900,Hourly,490,1280,Female,No,Apt,7,West,Yes,1,0,1,0,1,0,1,0,0,0,1
445,32,197,40100,Salaried,6770,3360,Female,No,Home,8,West,Yes,0,1,1,0,1,0,0,0,1,0,1
446,48,179,55800,Salaried,6800,1280,Female,No,Home,8,South,Yes,0,1,1,0,1,0,0,0,1,0,1
447,57,201,23900,Salaried,9300,480,Female,No,Condo,4,West,No,0,1,1,0,1,0,0,1,0,1,0
448,32,169,53100,Hourly,2270,0,Female,No,Home,2,West,No,1,0,1,0,1,0,0,0,1,1,0
449,34,218,72900,Salaried,5130,510,Female,Yes,Apt,4,West,Yes,0,1,1,0,0,1,1,0,0,0,1
450,54,180,16800,Hourly,1950,910,Female,No,Home,2,East,No,1,0,1,0,1,0,0,0,1,1,0
451,54,176,50400,Salaried,11930,1530,Female,No,Home,2,West,Yes,0,1,1,0,1,0,0,0,1,0,1
452,28,230,25700,Salaried,3110,2370,Male,No,Apt,8,South,Yes,0,1,0,1,1,0,1,0,0,0,1
453,32,174,24800,Hourly,3960,920,Male,No,Home,4,East,No,1,0,0,1,1,0,0,0,1,1,0
454,45,194,65200,Salaried,3250,850,Female,No,Home,2,East,No,0,1,1,0,1,0,0,0,1,1,0
455,29,217,32100,Hourly,3060,2470,Male,No,Condo,3,East,No,1,0,0,1,1,0,0,1,0,1,0
456,34,166,90900,Salaried,33870,1350,Male,No,Home,6,South,Yes,0,1,0,1,1,0,0,0,1,0,1
457,47,179,36300,Hourly,6240,2790,Male,No,Condo,3,East,Yes,1,0,0,1,1,0,0,1,0,0,1
458,29,171,29200,Salaried,2880,1890,Female,Yes,Condo,3,West,Yes,0,1,1,0,0,1,0,1,0,0,1
459,25,169,76200,Salaried,22590,640,Female,No,Condo,9,South,Yes,0,1,1,0,1,0,0,1,0,0,1
460,59,169,104200,Salaried,7800,1480,Female,No,Home,4,South,Yes,0,1,1,0,1,0,0,0,1,0,1
461,29,176,46300,Salaried,15060,680,Female,Yes,Home,8,West,Yes,0,1,1,0,0,1,0,0,1,0,1
462,31,225,21300,Salaried,4530,2090,Male,No,Condo,7,West,Yes,0,1,0,1,1,0,0,1,0,0,1
463,50,200,48200,Salaried,7070,710,Female,No,Apt,8,West,Yes,0,1,1,0,1,0,1,0,0,0,1
464,24,191,70500,Salaried,7360,1450,Male,No,Apt,7,East,Yes,0,1,0,1,1,0,1,0,0,0,1
465,50,233,50600,Salaried,11970,460,Male,No,Home,4,East,No,0,1,0,1,1,0,0,0,1,1,0
466,50,185,36000,Salaried,11030,0,Female,No,Apt,1,South,No,0,1,1,0,1,0,1,0,0,1,0
467,44,254,32300,Salaried,6900,1030,Female,No,Condo,4,West,Yes,0,1,1,0,1,0,0,1,0,0,1
468,44,210,26800,Hourly,2210,1600,Male,No,Home,8,West,Yes,1,0,0,1,1,0,0,0,1,0,1
469,32,185,113000,Salaried,8300,4310,Male,No,Apt,4,West,Yes,0,1,0,1,1,0,1,0,0,0,1
470,58,177,29700,Hourly,5150,1220,Male,No,Home,3,West,No,1,0,0,1,1,0,0,0,1,1,0
471,46,197,47600,Salaried,4390,1230,Male,No,Apt,5,East,Yes,0,1,0,1,1,0,1,0,0,0,1
472,46,204,46900,Salaried,12770,1130,Male,No,Home,3,West,Yes,0,1,0,1,1,0,0,0,1,0,1
473,40,144,137100,Salaried,7300,970,Female,No,Home,8,West,Yes,0,1,1,0,1,0,0,0,1,0,1
474,25,184,26500,Salaried,2540,720,Female,No,Home,2,East,No,0,1,1,0,1,0,0,0,1,1,0
475,37,205,30800,Salaried,3410,1670,Male,No,Condo,6,West,Yes,0,1,0,1,1,0,0,1,0,0,1
476,46,227,13600,Hourly,1800,2370,Male,No,Condo,6,West,Yes,1,0,0,1,1,0,0,1,0,0,1
477,33,175,107100,Salaried,16870,5340,Male,No,Condo,8,West,Yes,0,1,0,1,1,0,0,1,0,0,1
478,37,205,25500,Hourly,2780,730,Male,No,Home,4,East,No,1,0,0,1,1,0,0,0,1,1,0
479,39,221,2600,Hourly,440,520,Female,No,Apt,0,East,No,1,0,1,0,1,0,1,0,0,1,0
480,35,189,48300,Salaried,5350,1590,Male,No,Condo,5,East,Yes,0,1,0,1,1,0,0,1,0,0,1
481,29,190,42200,Hourly,5540,2000,Female,No,Apt,5,West,Yes,1,0,1,0,1,0,1,0,0,0,1
482,39,212,56800,Salaried,19750,1870,Male,No,Apt,7,West,Yes,0,1,0,1,1,0,1,0,0,0,1
483,38,186,65900,Salaried,9690,0,Male,Yes,Home,1,South,No,0,1,0,1,0,1,0,0,1,1,0
484,44,193,107800,Salaried,7810,1080,Female,No,Condo,12,West,Yes,0,1,1,0,1,0,0,1,0,0,1
485,56,177,15300,Hourly,550,620,Female,No,Home,4,South,No,1,0,1,0,1,0,0,0,1,1,0
486,47,180,83700,Salaried,12480,1620,Male,No,Home,7,South,Yes,0,1,0,1,1,0,0,0,1,0,1
487,30,171,60200,Salaried,14320,1790,Male,No,Home,8,East,Yes,0,1,0,1,1,0,0,0,1,0,1
488,45,157,95500,Salaried,16130,470,Male,No,Apt,2,East,Yes,0,1,0,1,1,0,1,0,0,0,1
489,41,249,38600,Hourly,5270,770,Male,No,Home,5,East,No,1,0,0,1,1,0,0,0,1,1,0
490,34,212,47500,Salaried,21300,2840,Female,No,Home,4,East,No,0,1,1,0,1,0,0,0,1,1,0
491,22,214,62900,Salaried,5320,610,Female,No,Home,6,West,Yes,0,1,1,0,1,0,0,0,1,0,1
492,34,174,8700,Hourly,430,350,Male,No,Condo,5,South,Yes,1,0,0,1,1,0,0,1,0,0,1
493,38,204,77500,Hourly,7930,1180,Male,No,Condo,3,West,Yes,1,0,0,1,1,0,0,1,0,0,1
494,47,168,5800,Hourly,810,640,Male,No,Apt,5,East,No,1,0,0,1,1,0,1,0,0,1,0
495,61,185,51700,Hourly,3380,0,Male,No,Home,0,West,No,1,0,0,1,1,0,0,0,1,1,0
496,33,183,24100,Salaried,4230,1830,Male,No,Home,11,West,Yes,0,1,0,1,1,0,0,0,1,0,1
497,35,167,59700,Salaried,6330,2380,Female,No,Home,10,West,Yes,0,1,1,0,1,0,0,0,1,0,1
498,37,238,26500,Salaried,3070,260,Female,No,Home,2,West,Yes,0,1,1,0,1,0,0,0,1,0,1
499,45,176,59800,Salaried,14850,1210,Female,No,Home,3,West,No,0,1,1,0,1,0,0,0,1,1,0
500,27,237,43200,Hourly,4220,140,Female,No,Condo,4,West,Yes,1,0,1,0,1,0,0,1,0,0,1
501,34,171,23200,Hourly,3320,990,Male,No,Home,3,South,No,1,0,0,1,1,0,0,0,1,1,0
502,33,162,31300,Salaried,4060,1140,Female,No,Home,4,West,Yes,0,1,1,0,1,0,0,0,1,0,1
503,34,218,155600,Salaried,3890,1320,Male,No,Condo,3,East,Yes,0,1,0,1,1,0,0,1,0,0,1
504,47,174,122900,Salaried,8020,100,Male,Yes,Apt,3,West,Yes,0,1,0,1,0,1,1,0,0,0,1
505,25,151,29700,Salaried,3790,3670,Male,Yes,Home,4,West,Yes,0,1,0,1,0,1,0,0,1,0,1
506,36,225,40500,Salaried,4490,3180,Male,No,Home,3,East,Yes,0,1,0,1,1,0,0,0,1,0,1
507,45,192,54600,Salaried,6030,3580,Male,No,Home,9,West,Yes,0,1,0,1,1,0,0,0,1,0,1
508,39,192,39400,Salaried,3470,3480,Male,Yes,Home,8,East,Yes,0,1,0,1,0,1,0,0,1,0,1
509,29,196,12800,Hourly,1040,5220,Male,No,Condo,10,East,Yes,1,0,0,1,1,0,0,1,0,0,1
510,36,175,41600,Hourly,3460,1320,Male,No,Home,5,East,Yes,1,0,0,1,1,0,0,0,1,0,1
511,39,174,76000,Salaried,690,2640,Male,No,Home,9,South,Yes,0,1,0,1,1,0,0,0,1,0,1
512,26,196,63800,Salaried,19210,600,Male,Yes,Home,2,West,Yes,0,1,0,1,0,1,0,0,1,0,1
513,28,182,63900,Hourly,10120,1200,Male,No,Apt,4,South,No,1,0,0,1,1,0,1,0,0,1,0
514,52,194,37900,Hourly,2100,1950,Female,No,Home,1,South,No,1,0,1,0,1,0,0,0,1,1,0
515,59,209,49900,Hourly,1350,230,Female,No,Home,1,South,No,1,0,1,0,1,0,0,0,1,1,0
516,43,193,149600,Salaried,13290,690,Male,No,Condo,7,West,Yes,0,1,0,1,1,0,0,1,0,0,1
517,29,175,30700,Hourly,5870,650,Male,No,Home,2,East,No,1,0,0,1,1,0,0,0,1,1,0
518,34,146,8500,Hourly,980,310,Female,No,Apt,4,East,No,1,0,1,0,1,0,1,0,0,1,0
519,42,193,47100,Hourly,5690,1130,Female,No,Condo,5,East,No,1,0,1,0,1,0,0,1,0,1,0
520,36,257,47500,Hourly,10770,1270,Male,Yes,Condo,4,East,No,1,0,0,1,0,1,0,1,0,1,0
521,25,145,83500,Hourly,2530,1010,Female,No,Home,5,West,Yes,1,0,1,0,1,0,0,0,1,0,1
522,35,216,46500,Salaried,2700,1480,Male,Yes,Home,3,West,Yes,0,1,0,1,0,1,0,0,1,0,1
523,30,193,23600,Salaried,5100,580,Male,No,Home,3,West,No,0,1,0,1,1,0,0,0,1,1,0
524,50,157,27100,Hourly,4750,2280,Female,No,Condo,5,South,No,1,0,1,0,1,0,0,1,0,1,0
525,33,185,10000,Hourly,790,1030,Female,No,Apt,3,West,No,1,0,1,0,1,0,1,0,0,1,0
526,48,183,9600,Hourly,280,320,Female,No,Home,2,West,Yes,1,0,1,0,1,0,0,0,1,0,1
527,38,227,46300,Hourly,290,420,Female,No,Apt,2,West,No,1,0,1,0,1,0,1,0,0,1,0
528,57,207,35000,Hourly,2410,340,Male,No,Condo,3,South,No,1,0,0,1,1,0,0,1,0,1,0
529,27,198,10500,Salaried,2890,3020,Female,No,Condo,8,West,Yes,0,1,1,0,1,0,0,1,0,0,1
530,34,173,22600,Hourly,2420,3410,Male,No,Condo,10,West,Yes,1,0,0,1,1,0,0,1,0,0,1
531,31,213,42900,Salaried,2820,720,Female,No,Home,3,South,Yes,0,1,1,0,1,0,0,0,1,0,1
532,33,205,8300,Hourly,350,860,Female,Yes,Home,5,South,Yes,1,0,1,0,0,1,0,0,1,0,1
533,46,222,32500,Salaried,3640,680,Female,No,Home,2,West,Yes,0,1,1,0,1,0,0,0,1,0,1
534,24,199,8500,Hourly,290,2160,Female,No,Home,7,West,Yes,1,0,1,0,1,0,0,0,1,0,1
535,31,162,49200,Salaried,1750,860,Female,Yes,Condo,6,West,Yes,0,1,1,0,0,1,0,1,0,0,1
536,36,206,19400,Salaried,3770,520,Male,Yes,Home,1,East,Yes,0,1,0,1,0,1,0,0,1,0,1
537,33,233,12500,Hourly,1330,1040,Male,No,Home,5,East,Yes,1,0,0,1,1,0,0,0,1,0,1
538,44,217,77400,Salaried,860,810,Male,No,Apt,1,South,No,0,1,0,1,1,0,1,0,0,1,0
539,45,229,32800,Salaried,4660,70,Male,No,Home,1,East,No,0,1,0,1,1,0,0,0,1,1,0
540,35,232,40400,Salaried,8210,770,Male,No,Home,4,West,Yes,0,1,0,1,1,0,0,0,1,0,1
541,43,208,28900,Salaried,1210,2440,Female,No,Home,10,West,Yes,0,1,1,0,1,0,0,0,1,0,1
542,46,165,20500,Salaried,3140,900,Male,No,Condo,5,East,Yes,0,1,0,1,1,0,0,1,0,0,1
543,24,187,48000,Salaried,5230,1770,Male,No,Apt,8,East,Yes,0,1,0,1,1,0,1,0,0,0,1
544,41,194,28000,Hourly,4150,0,Female,No,Condo,0,West,No,1,0,1,0,1,0,0,1,0,1,0
545,49,173,47300,Salaried,3130,2740,Male,No,Apt,6,West,No,0,1,0,1,1,0,1,0,0,1,0
546,49,160,23600,Salaried,4910,1660,Female,No,Condo,4,East,No,0,1,1,0,1,0,0,1,0,1,0
547,33,210,34900,Salaried,5230,370,Female,No,Home,3,West,Yes,0,1,1,0,1,0,0,0,1,0,1
548,45,152,65200,Hourly,2690,820,Female,No,Home,3,East,No,1,0,1,0,1,0,0,0,1,1,0
549,31,210,54700,Salaried,6580,780,Male,No,Apt,0,West,Yes,0,1,0,1,1,0,1,0,0,0,1
550,42,193,49100,Salaried,6300,410,Female,No,Apt,4,West,Yes,0,1,1,0,1,0,1,0,0,0,1
551,40,196,23300,Hourly,2350,5760,Male,No,Home,7,West,Yes,1,0,0,1,1,0,0,0,1,0,1
552,46,207,27800,Hourly,2140,1220,Female,No,Condo,1,East,No,1,0,1,0,1,0,0,1,0,1,0
553,28,171,7900,Hourly,770,440,Male,No,Home,4,East,No,1,0,0,1,1,0,0,0,1,1,0
554,32,192,21700,Hourly,5790,700,Male,No,Home,3,East,No,1,0,0,1,1,0,0,0,1,1,0
555,42,250,23400,Salaried,680,1060,Male,Yes,Apt,7,East,Yes,0,1,0,1,0,1,1,0,0,0,1
556,54,196,30500,Hourly,1810,2020,Female,No,Home,2,West,Yes,1,0,1,0,1,0,0,0,1,0,1
557,39,153,75800,Hourly,3510,1110,Female,No,Home,3,West,Yes,1,0,1,0,1,0,0,0,1,0,1
558,40,178,59700,Hourly,6840,1390,Female,No,Apt,3,West,No,1,0,1,0,1,0,1,0,0,1,0
559,47,205,47400,Hourly,4830,910,Male,Yes,Apt,2,West,Yes,1,0,0,1,0,1,1,0,0,0,1
560,49,197,8600,Hourly,640,200,Male,No,Condo,0,West,No,1,0,0,1,1,0,0,1,0,1,0
561,42,157,26200,Hourly,3000,1990,Male,Yes,Home,3,West,Yes,1,0,0,1,0,1,0,0,1,0,1
562,29,177,26500,Salaried,13310,310,Female,No,Home,6,South,Yes,0,1,1,0,1,0,0,0,1,0,1
563,32,221,19100,Hourly,440,770,Male,No,Apt,3,East,No,1,0,0,1,1,0,1,0,0,1,0
564,40,195,41700,Salaried,3570,2040,Female,No,Apt,5,East,No,0,1,1,0,1,0,1,0,0,1,0
565,47,186,21600,Hourly,3510,720,Male,No,Condo,1,East,No,1,0,0,1,1,0,0,1,0,1,0
566,41,216,31800,Salaried,2880,3190,Female,No,Home,4,East,No,0,1,1,0,1,0,0,0,1,1,0
567,33,169,45800,Salaried,5190,870,Male,No,Home,10,East,Yes,0,1,0,1,1,0,0,0,1,0,1
568,53,182,52500,Salaried,7990,7460,Male,No,Home,9,South,Yes,0,1,0,1,1,0,0,0,1,0,1
569,27,173,21600,Salaried,6560,1180,Male,Yes,Apt,7,South,Yes,0,1,0,1,0,1,1,0,0,0,1
570,28,183,30900,Salaried,3280,770,Female,No,Condo,4,East,Yes,0,1,1,0,1,0,0,1,0,0,1
571,34,172,66700,Salaried,3270,1270,Male,No,Condo,4,West,No,0,1,0,1,1,0,0,1,0,1,0
572,52,177,19400,Hourly,1730,600,Male,No,Home,4,South,Yes,1,0,0,1,1,0,0,0,1,0,1
573,51,201,53000,Hourly,7020,0,Female,No,Home,0,West,No,1,0,1,0,1,0,0,0,1,1,0
574,33,184,45500,Hourly,7640,2730,Male,No,Apt,4,South,No,1,0,0,1,1,0,1,0,0,1,0
575,56,155,26300,Hourly,2000,1730,Male,No,Home,4,West,No,1,0,0,1,1,0,0,0,1,1,0
576,45,214,64900,Salaried,13660,880,Female,No,Home,7,East,Yes,0,1,1,0,1,0,0,0,1,0,1
577,39,203,14200,Hourly,620,1770,Female,No,Home,5,West,No,1,0,1,0,1,0,0,0,1,1,0
578,49,249,26500,Salaried,5280,380,Male,No,Condo,7,West,Yes,0,1,0,1,1,0,0,1,0,0,1
579,32,163,25500,Hourly,610,2280,Female,Yes,Home,4,South,No,1,0,1,0,0,1,0,0,1,1,0
580,40,192,3100,Hourly,210,570,Male,No,Apt,5,South,Yes,1,0,0,1,1,0,1,0,0,0,1
581,55,193,9500,Hourly,670,90,Female,No,Apt,3,East,No,1,0,1,0,1,0,1,0,0,1,0
582,37,224,152800,Salaried,1700,770,Female,No,Home,4,West,Yes,0,1,1,0,1,0,0,0,1,0,1
583,36,171,15900,Hourly,1330,660,Female,No,Condo,3,East,No,1,0,1,0,1,0,0,1,0,1,0
584,31,239,50000,Hourly,16650,350,Male,No,Apt,3,South,No,1,0,0,1,1,0,1,0,0,1,0
585,57,201,54100,Salaried,12730,500,Female,No,Home,5,East,No,0,1,1,0,1,0,0,0,1,1,0
586,32,214,43400,Hourly,2160,330,Female,No,Apt,1,East,No,1,0,1,0,1,0,1,0,0,1,0
587,31,170,19000,Salaried,2140,750,Male,No,Home,3,West,Yes,0,1,0,1,1,0,0,0,1,0,1
588,32,240,67500,Salaried,5870,3000,Female,Yes,Apt,7,West,Yes,0,1,1,0,0,1,1,0,0,0,1
589,28,179,84400,Salaried,19030,990,Male,No,Home,0,South,No,0,1,0,1,1,0,0,0,1,1,0
590,38,174,98400,Salaried,13890,1450,Female,Yes,Home,10,West,Yes,0,1,1,0,0,1,0,0,1,0,1
591,58,174,77600,Hourly,8480,850,Female,No,Home,3,West,No,1,0,1,0,1,0,0,0,1,1,0
592,25,213,63500,Salaried,4020,3120,Male,No,Home,9,South,Yes,0,1,0,1,1,0,0,0,1,0,1
593,33,180,49800,Salaried,11440,2830,Female,No,Apt,9,East,Yes,0,1,1,0,1,0,1,0,0,0,1
594,32,187,28700,Hourly,1530,680,Male,No,Condo,2,West,Yes,1,0,0,1,1,0,0,1,0,0,1
595,38,175,30000,Salaried,10280,680,Male,No,Condo,7,West,Yes,0,1,0,1,1,0,0,1,0,0,1
596,37,175,41600,Hourly,1110,450,Male,No,Home,2,East,No,1,0,0,1,1,0,0,0,1,1,0
597,48,214,48000,Salaried,4670,1770,Female,Yes,Condo,11,East,Yes,0,1,1,0,0,1,0,1,0,0,1
598,58,215,122800,Salaried,7400,600,Male,No,Condo,2,East,No,0,1,0,1,1,0,0,1,0,1,0
599,48,192,124400,Salaried,3370,1460,Male,No,Condo,2,South,No,0,1,0,1,1,0,0,1,0,1,0
600,36,155,92600,Salaried,29080,1140,Female,No,Home,4,East,No,0,1,1,0,1,0,0,0,1,1,0
601,54,229,23500,Salaried,4680,880,Female,No,Home,3,East,No,0,1,1,0,1,0,0,0,1,1,0
602,40,199,23600,Salaried,9690,1040,Female,No,Apt,4,East,No,0,1,1,0,1,0,1,0,0,1,0
603,31,180,83600,Salaried,17520,1110,Male,Yes,Apt,8,West,Yes,0,1,0,1,0,1,1,0,0,0,1
604,31,191,35900,Hourly,4700,530,Male,Yes,Home,0,West,Yes,1,0,0,1,0,1,0,0,1,0,1
605,36,153,64500,Salaried,11040,900,Male,No,Home,6,West,Yes,0,1,0,1,1,0,0,0,1,0,1
606,50,204,28100,Hourly,1090,120,Female,No,Condo,0,East,No,1,0,1,0,1,0,0,1,0,1,0
607,30,156,32200,Salaried,2860,2820,Female,No,Condo,10,South,Yes,0,1,1,0,1,0,0,1,0,0,1
608,52,203,31800,Hourly,1830,290,Female,No,Condo,3,West,Yes,1,0,1,0,1,0,0,1,0,0,1
609,30,218,45400,Salaried,3610,1750,Male,No,Condo,11,South,Yes,0,1,0,1,1,0,0,1,0,0,1
610,42,165,79400,Salaried,3150,2320,Male,Yes,Apt,10,West,Yes,0,1,0,1,0,1,1,0,0,0,1
611,36,154,25400,Salaried,3160,680,Male,No,Condo,3,West,Yes,0,1,0,1,1,0,0,1,0,0,1
612,31,177,21000,Salaried,4230,590,Male,No,Apt,4,West,Yes,0,1,0,1,1,0,1,0,0,0,1
613,40,190,41600,Salaried,16320,3040,Female,Yes,Home,11,East,Yes,0,1,1,0,0,1,0,0,1,0,1
614,43,201,95700,Salaried,6750,1810,Female,Yes,Apt,7,West,Yes,0,1,1,0,0,1,1,0,0,0,1
615,44,170,28700,Hourly,2380,2720,Female,No,Home,9,West,Yes,1,0,1,0,1,0,0,0,1,0,1
616,38,168,85700,Salaried,25260,880,Female,No,Condo,9,East,Yes,0,1,1,0,1,0,0,1,0,0,1
617,27,203,34800,Salaried,2350,5700,Male,No,Apt,9,South,Yes,0,1,0,1,1,0,1,0,0,0,1
618,35,176,28500,Salaried,5090,360,Female,No,Condo,5,East,No,0,1,1,0,1,0,0,1,0,1,0
619,31,225,30900,Salaried,7350,850,Male,No,Home,6,South,Yes,0,1,0,1,1,0,0,0,1,0,1
620,46,171,20800,Hourly,2680,1770,Female,Yes,Condo,6,West,Yes,1,0,1,0,0,1,0,1,0,0,1
621,41,210,29300,Hourly,2480,3460,Male,No,Home,4,East,No,1,0,0,1,1,0,0,0,1,1,0
622,45,180,24100,Hourly,3140,1650,Male,Yes,Condo,9,South,Yes,1,0,0,1,0,1,0,1,0,0,1
623,27,148,43900,Hourly,7930,3320,Female,No,Condo,8,West,Yes,1,0,1,0,1,0,0,1,0,0,1
624,48,201,17300,Hourly,2030,710,Female,No,Home,7,East,No,1,0,1,0,1,0,0,0,1,1,0
625,24,151,23200,Hourly,1670,2250,Male,No,Home,5,West,No,1,0,0,1,1,0,0,0,1,1,0
626,46,206,30300,Hourly,7690,970,Male,Yes,Home,7,West,No,1,0,0,1,0,1,0,0,1,1,0
627,56,156,10600,Hourly,1030,1000,Female,No,Home,7,South,No,1,0,1,0,1,0,0,0,1,1,0
628,44,218,48200,Salaried,9220,1700,Male,No,Home,4,West,Yes,0,1,0,1,1,0,0,0,1,0,1
629,42,188,70400,Hourly,3800,1000,Male,No,Home,2,South,No,1,0,0,1,1,0,0,0,1,1,0
630,28,166,33300,Hourly,2070,2210,Female,No,Apt,6,East,Yes,1,0,1,0,1,0,1,0,0,0,1
631,34,177,17600,Hourly,1600,1800,Female,Yes,Apt,1,East,No,1,0,1,0,0,1,1,0,0,1,0
632,29,217,19100,Hourly,1700,3030,Female,No,Condo,5,East,No,1,0,1,0,1,0,0,1,0,1,0
633,33,178,12000,Hourly,1250,0,Female,No,Condo,2,South,No,1,0,1,0,1,0,0,1,0,1,0
634,27,248,39400,Salaried,7650,710,Female,No,Condo,5,West,No,0,1,1,0,1,0,0,1,0,1,0
635,53,231,34500,Salaried,5800,680,Male,Yes,Condo,3,East,Yes,0,1,0,1,0,1,0,1,0,0,1
636,30,227,31700,Salaried,6350,4640,Male,No,Apt,5,South,Yes,0,1,0,1,1,0,1,0,0,0,1
637,30,171,39800,Hourly,6450,1080,Female,No,Condo,7,West,Yes,1,0,1,0,1,0,0,1,0,0,1
638,32,174,67000,Hourly,4770,440,Female,No,Home,2,West,No,1,0,1,0,1,0,0,0,1,1,0
639,48,212,47300,Hourly,1760,140,Female,No,Apt,3,South,No,1,0,1,0,1,0,1,0,0,1,0
640,41,204,55100,Hourly,1210,2390,Male,Yes,Home,5,South,Yes,1,0,0,1,0,1,0,0,1,0,1
641,39,212,59300,Salaried,5210,2040,Female,Yes,Apt,5,West,Yes,0,1,1,0,0,1,1,0,0,0,1
642,34,177,44200,Salaried,2600,1250,Female,Yes,Condo,2,West,Yes,0,1,1,0,0,1,0,1,0,0,1
643,47,169,55800,Salaried,4090,3310,Male,No,Home,5,West,No,0,1,0,1,1,0,0,0,1,1,0
644,58,240,40600,Salaried,2690,3330,Female,No,Apt,8,West,Yes,0,1,1,0,1,0,1,0,0,0,1
645,30,215,56400,Salaried,5380,1360,Female,No,Home,7,South,Yes,0,1,1,0,1,0,0,0,1,0,1
646,26,167,48400,Salaried,2960,1050,Male,No,Condo,8,South,Yes,0,1,0,1,1,0,0,1,0,0,1
647,47,181,4900,Hourly,150,2680,Male,No,Home,4,East,No,1,0,0,1,1,0,0,0,1,1,0
648,30,169,38000,Hourly,4390,550,Female,No,Home,3,West,Yes,1,0,1,0,1,0,0,0,1,0,1
649,33,221,30200,Hourly,5170,1010,Male,No,Home,1,East,No,1,0,0,1,1,0,0,0,1,1,0
650,40,166,56600,Hourly,3330,1000,Female,Yes,Condo,7,South,Yes,1,0,1,0,0,1,0,1,0,0,1
651,36,171,132100,Salaried,19050,2430,Male,Yes,Condo,7,West,Yes,0,1,0,1,0,1,0,1,0,0,1
652,51,167,9300,Salaried,1220,2410,Male,No,Condo,3,East,No,0,1,0,1,1,0,0,1,0,1,0
653,49,236,48800,Hourly,5050,160,Male,Yes,Home,6,South,Yes,1,0,0,1,0,1,0,0,1,0,1
654,57,242,42400,Salaried,26990,1420,Female,No,Home,2,West,No,0,1,1,0,1,0,0,0,1,1,0
655,42,171,34700,Hourly,1710,730,Female,No,Apt,3,East,No,1,0,1,0,1,0,1,0,0,1,0
656,37,181,29100,Hourly,7710,3470,Male,No,Home,6,East,Yes,1,0,0,1,1,0,0,0,1,0,1
657,42,176,55000,Salaried,15320,880,Male,No,Home,2,East,No,0,1,0,1,1,0,0,0,1,1,0
658,53,188,38900,Hourly,1010,630,Female,No,Apt,4,West,No,1,0,1,0,1,0,1,0,0,1,0
659,28,178,51300,Hourly,4560,190,Male,No,Apt,2,East,No,1,0,0,1,1,0,1,0,0,1,0
660,36,173,96000,Hourly,3860,810,Male,Yes,Condo,3,South,Yes,1,0,0,1,0,1,0,1,0,0,1
661,31,163,26900,Salaried,4480,2660,Female,No,Condo,11,West,Yes,0,1,1,0,1,0,0,1,0,0,1
662,58,155,10300,Hourly,1330,2470,Male,No,Condo,5,East,No,1,0,0,1,1,0,0,1,0,1,0
663,49,205,37900,Salaried,11330,150,Male,No,Home,1,East,No,0,1,0,1,1,0,0,0,1,1,0
664,47,199,34400,Hourly,4620,370,Female,Yes,Condo,3,East,No,1,0,1,0,0,1,0,1,0,1,0
665,35,159,21300,Salaried,1090,2360,Female,No,Apt,4,West,Yes,0,1,1,0,1,0,1,0,0,0,1
666,30,175,23700,Hourly,1720,2380,Male,No,Apt,7,South,No,1,0,0,1,1,0,1,0,0,1,0
667,46,187,66500,Salaried,26280,210,Male,Yes,Apt,3,East,No,0,1,0,1,0,1,1,0,0,1,0
668,39,190,40000,Salaried,6620,90,Female,No,Home,3,East,No,0,1,1,0,1,0,0,0,1,1,0
669,35,165,26100,Salaried,7030,1630,Female,Yes,Apt,6,West,Yes,0,1,1,0,0,1,1,0,0,0,1
670,33,173,49700,Hourly,5260,300,Female,No,Condo,2,South,Yes,1,0,1,0,1,0,0,1,0,0,1
671,40,178,14600,Salaried,1540,1400,Male,No,Apt,4,South,Yes,0,1,0,1,1,0,1,0,0,0,1
672,34,218,33300,Hourly,1980,3220,Female,No,Home,5,East,No,1,0,1,0,1,0,0,0,1,1,0
673,45,191,54100,Hourly,4370,450,Male,No,Condo,0,East,No,1,0,0,1,1,0,0,1,0,1,0
674,62,170,107600,Salaried,11890,3740,Female,No,Home,2,South,No,0,1,1,0,1,0,0,0,1,1,0
675,26,149,50600,Salaried,6530,210,Male,No,Home,1,East,No,0,1,0,1,1,0,0,0,1,1,0
676,39,239,34500,Salaried,6200,2590,Male,No,Condo,8,West,Yes,0,1,0,1,1,0,0,1,0,0,1
677,41,145,30300,Hourly,2520,570,Male,No,Home,3,East,No,1,0,0,1,1,0,0,0,1,1,0
678,26,196,139400,Salaried,29780,620,Female,No,Condo,1,East,No,0,1,1,0,1,0,0,1,0,1,0
679,37,152,65600,Salaried,18450,1680,Female,No,Condo,5,West,Yes,0,1,1,0,1,0,0,1,0,0,1
680,47,235,33800,Salaried,12150,950,Female,No,Home,2,West,No,0,1,1,0,1,0,0,0,1,1,0
681,41,184,33800,Salaried,5170,770,Female,No,Condo,2,South,No,0,1,1,0,1,0,0,1,0,1,0
682,34,190,34700,Salaried,10610,100,Female,Yes,Home,2,South,No,0,1,1,0,0,1,0,0,1,1,0
683,41,160,60500,Salaried,3390,240,Female,No,Condo,4,East,No,0,1,1,0,1,0,0,1,0,1,0
684,35,244,130000,Salaried,8510,300,Male,No,Condo,4,South,Yes,0,1,0,1,1,0,0,1,0,0,1
685,28,209,13800,Hourly,810,5380,Male,No,Condo,6,West,Yes,1,0,0,1,1,0,0,1,0,0,1
686,32,199,53100,Salaried,11460,920,Male,No,Apt,7,East,Yes,0,1,0,1,1,0,1,0,0,0,1
687,25,168,22600,Salaried,2160,1160,Female,No,Home,4,East,Yes,0,1,1,0,1,0,0,0,1,0,1
688,43,167,19700,Hourly,380,760,Male,No,Home,3,East,No,1,0,0,1,1,0,0,0,1,1,0
689,33,173,62300,Salaried,9740,560,Male,No,Home,2,South,Yes,0,1,0,1,1,0,0,0,1,0,1
690,43,228,16700,Salaried,2640,2640,Female,Yes,Home,9,West,Yes,0,1,1,0,0,1,0,0,1,0,1
691,31,206,36800,Salaried,7790,5530,Female,No,Apt,5,West,Yes,0,1,1,0,1,0,1,0,0,0,1
692,45,208,25100,Hourly,3290,0,Male,No,Home,1,East,No,1,0,0,1,1,0,0,0,1,1,0
693,55,195,12000,Hourly,2240,1860,Female,No,Condo,3,East,No,1,0,1,0,1,0,0,1,0,1,0
694,50,210,63700,Salaried,3860,760,Female,Yes,Apt,3,East,No,0,1,1,0,0,1,1,0,0,1,0
695,36,172,21300,Salaried,3130,2210,Female,No,Home,9,West,Yes,0,1,1,0,1,0,0,0,1,0,1
696,41,218,101500,Hourly,6720,0,Female,No,Apt,1,East,No,1,0,1,0,1,0,1,0,0,1,0
697,31,236,40800,Hourly,5220,780,Male,Yes,Apt,8,South,Yes,1,0,0,1,0,1,1,0,0,0,1
698,42,176,59000,Salaried,5890,290,Male,No,Home,3,West,Yes,0,1,0,1,1,0,0,0,1,0,1
699,27,146,20300,Salaried,2000,1690,Female,No,Home,6,South,Yes,0,1,1,0,1,0,0,0,1,0,1
700,37,175,4400,Salaried,520,2310,Male,No,Home,7,West,Yes,0,1,0,1,1,0,0,0,1,0,1
701,44,162,45200,Salaried,3600,130,Male,No,Home,2,East,No,0,1,0,1,1,0,0,0,1,1,0
702,50,191,65300,Salaried,6500,510,Female,No,Condo,4,East,No,0,1,1,0,1,0,0,1,0,1,0
703,29,193,37400,Hourly,3660,520,Female,No,Home,3,South,No,1,0,1,0,1,0,0,0,1,1,0
704,49,211,63400,Hourly,5800,730,Female,No,Home,4,West,No,1,0,1,0,1,0,0,0,1,1,0
705,53,165,49300,Salaried,6090,820,Male,No,Home,0,South,No,0,1,0,1,1,0,0,0,1,1,0
706,25,236,27200,Salaried,4810,1420,Male,No,Apt,5,South,Yes,0,1,0,1,1,0,1,0,0,0,1
707,56,244,69900,Salaried,22030,690,Female,No,Home,9,East,Yes,0,1,1,0,1,0,0,0,1,0,1
708,39,221,16700,Hourly,2750,0,Male,No,Home,2,East,No,1,0,0,1,1,0,0,0,1,1,0
709,36,170,39600,Salaried,3690,2310,Female,No,Condo,3,West,Yes,0,1,1,0,1,0,0,1,0,0,1
710,28,183,113700,Salaried,2340,2430,Male,No,Home,6,South,Yes,0,1,0,1,1,0,0,0,1,0,1
711,32,237,31400,Hourly,3000,1120,Female,No,Home,3,South,No,1,0,1,0,1,0,0,0,1,1,0
712,29,202,73900,Salaried,2200,740,Female,No,Home,6,East,Yes,0,1,1,0,1,0,0,0,1,0,1
713,45,244,77500,Hourly,13760,0,Female,No,Condo,1,West,No,1,0,1,0,1,0,0,1,0,1,0
714,44,218,12900,Salaried,4470,1020,Female,No,Home,2,East,No,0,1,1,0,1,0,0,0,1,1,0
715,23,201,31700,Salaried,8560,700,Male,No,Home,8,South,Yes,0,1,0,1,1,0,0,0,1,0,1
716,24,192,70400,Salaried,7440,470,Male,No,Condo,5,West,Yes,0,1,0,1,1,0,0,1,0,0,1
717,34,177,50500,Hourly,3180,100,Female,No,Condo,3,West,No,1,0,1,0,1,0,0,1,0,1,0
718,26,206,52200,Salaried,8150,1620,Male,No,Home,6,West,Yes,0,1,0,1,1,0,0,0,1,0,1
719,52,158,16900,Hourly,1610,2160,Male,No,Home,7,West,Yes,1,0,0,1,1,0,0,0,1,0,1
720,39,180,14900,Hourly,1470,330,Female,No,Home,5,West,Yes,1,0,1,0,1,0,0,0,1,0,1
721,29,159,69500,Hourly,8790,4500,Male,No,Apt,6,West,Yes,1,0,0,1,1,0,1,0,0,0,1
722,26,203,41700,Salaried,5860,3830,Female,No,Apt,6,West,Yes,0,1,1,0,1,0,1,0,0,0,1
723,53,184,22800,Salaried,3560,1210,Female,No,Condo,1,South,No,0,1,1,0,1,0,0,1,0,1,0
724,29,177,27900,Hourly,1660,940,Male,Yes,Apt,5,West,Yes,1,0,0,1,0,1,1,0,0,0,1
725,37,199,25300,Salaried,4890,0,Male,No,Condo,2,South,No,0,1,0,1,1,0,0,1,0,1,0
726,31,198,23300,Salaried,3640,1520,Male,No,Home,3,East,Yes,0,1,0,1,1,0,0,0,1,0,1
727,40,147,141100,Salaried,11670,220,Female,No,Condo,2,West,No,0,1,1,0,1,0,0,1,0,1,0
728,42,157,79700,Salaried,4310,1030,Female,No,Home,5,West,Yes,0,1,1,0,1,0,0,0,1,0,1
729,40,182,26800,Hourly,2050,650,Female,No,Home,3,South,No,1,0,1,0,1,0,0,0,1,1,0
730,35,207,46900,Hourly,2700,850,Female,No,Home,3,East,No,1,0,1,0,1,0,0,0,1,1,0
731,37,199,77600,Salaried,4590,1690,Male,No,Apt,4,West,Yes,0,1,0,1,1,0,1,0,0,0,1
732,39,205,48900,Salaried,3750,0,Male,No,Apt,1,West,Yes,0,1,0,1,1,0,1,0,0,0,1
733,51,212,19500,Hourly,4120,590,Male,No,Home,5,East,No,1,0,0,1,1,0,0,0,1,1,0
734,50,190,25800,Salaried,5320,2380,Male,Yes,Apt,5,South,Yes,0,1,0,1,0,1,1,0,0,0,1
735,37,224,90700,Hourly,4280,8080,Male,No,Home,8,South,Yes,1,0,0,1,1,0,0,0,1,0,1
736,25,197,57400,Salaried,5050,3770,Male,No,Condo,8,East,Yes,0,1,0,1,1,0,0,1,0,0,1
737,35,216,29600,Salaried,2530,3970,Male,No,Home,7,West,Yes,0,1,0,1,1,0,0,0,1,0,1
738,38,215,68900,Salaried,5070,1710,Male,No,Home,4,West,No,0,1,0,1,1,0,0,0,1,1,0
739,62,189,11200,Hourly,1500,480,Female,No,Home,3,East,No,1,0,1,0,1,0,0,0,1,1,0
740,25,200,41700,Hourly,1940,840,Male,No,Home,7,East,Yes,1,0,0,1,1,0,0,0,1,0,1
741,32,206,59000,Hourly,5890,500,Male,Yes,Apt,4,East,No,1,0,0,1,0,1,1,0,0,1,0
742,33,179,28000,Hourly,720,1300,Female,Yes,Apt,3,South,Yes,1,0,1,0,0,1,1,0,0,0,1
743,38,184,37500,Hourly,1920,900,Female,No,Condo,3,South,No,1,0,1,0,1,0,0,1,0,1,0
744,50,159,39700,Hourly,1870,2160,Female,No,Home,5,East,No,1,0,1,0,1,0,0,0,1,1,0
745,51,207,43700,Hourly,990,1060,Female,No,Home,5,West,Yes,1,0,1,0,1,0,0,0,1,0,1
746,30,207,47200,Hourly,8660,350,Female,No,Home,3,East,Yes,1,0,1,0,1,0,0,0,1,0,1
747,26,185,39500,Salaried,5780,4980,Female,No,Home,17,West,Yes,0,1,1,0,1,0,0,0,1,0,1
748,35,229,16800,Salaried,3200,620,Female,No,Home,4,East,Yes,0,1,1,0,1,0,0,0,1,0,1
749,36,213,33700,Hourly,3010,3110,Female,No,Condo,5,East,Yes,1,0,1,0,1,0,0,1,0,0,1
750,50,231,44400,Salaried,30710,2580,Female,No,Condo,5,West,Yes,0,1,1,0,1,0,0,1,0,0,1
751,62,154,40500,Hourly,5020,1180,Male,No,Home,2,East,No,1,0,0,1,1,0,0,0,1,1,0
752,44,206,48300,Salaried,13400,770,Female,No,Condo,5,West,Yes,0,1,1,0,1,0,0,1,0,0,1
753,52,156,33700,Hourly,2210,470,Female,Yes,Home,5,East,Yes,1,0,1,0,0,1,0,0,1,0,1
754,43,185,38800,Hourly,4660,1110,Male,Yes,Condo,3,West,No,1,0,0,1,0,1,0,1,0,1,0
755,52,190,35700,Hourly,3690,530,Female,No,Condo,3,West,Yes,1,0,1,0,1,0,0,1,0,0,1
756,45,187,55900,Salaried,3400,1910,Male,No,Home,10,East,Yes,0,1,0,1,1,0,0,0,1,0,1
757,57,208,25200,Hourly,6990,220,Male,Yes,Condo,2,South,No,1,0,0,1,0,1,0,1,0,1,0
758,38,180,65600,Salaried,11610,1520,Male,No,Condo,2,West,No,0,1,0,1,1,0,0,1,0,1,0
759,30,206,84200,Salaried,4760,3730,Male,Yes,Condo,7,West,Yes,0,1,0,1,0,1,0,1,0,0,1
760,43,182,48600,Hourly,2720,840,Male,No,Condo,2,South,No,1,0,0,1,1,0,0,1,0,1,0
761,38,144,34600,Salaried,16540,180,Male,No,Home,2,South,Yes,0,1,0,1,1,0,0,0,1,0,1
762,25,221,4400,Salaried,1030,1510,Male,No,Condo,11,West,Yes,0,1,0,1,1,0,0,1,0,0,1
763,36,183,43900,Salaried,8610,540,Female,Yes,Apt,4,West,Yes,0,1,1,0,0,1,1,0,0,0,1
764,26,205,57400,Salaried,9550,1170,Male,No,Apt,6,West,Yes,0,1,0,1,1,0,1,0,0,0,1
765,38,168,23300,Hourly,550,3460,Male,No,Home,4,West,Yes,1,0,0,1,1,0,0,0,1,0,1
766,34,174,19200,Salaried,3540,2560,Male,No,Condo,8,South,Yes,0,1,0,1,1,0,0,1,0,0,1
767,57,226,39400,Hourly,2760,600,Female,No,Home,2,West,Yes,1,0,1,0,1,0,0,0,1,0,1
768,35,155,75200,Salaried,8390,960,Male,No,Condo,11,South,Yes,0,1,0,1,1,0,0,1,0,0,1
769,25,204,41500,Hourly,5960,1240,Male,No,Home,6,West,Yes,1,0,0,1,1,0,0,0,1,0,1
770,33,208,37300,Hourly,1980,1570,Male,No,Home,8,West,Yes,1,0,0,1,1,0,0,0,1,0,1
771,30,164,75300,Salaried,17700,3650,Male,No,Apt,4,South,No,0,1,0,1,1,0,1,0,0,1,0
772,44,164,29200,Hourly,1090,1020,Male,No,Apt,2,East,No,1,0,0,1,1,0,1,0,0,1,0
773,42,182,12900,Hourly,2320,480,Male,No,Condo,3,East,No,1,0,0,1,1,0,0,1,0,1,0
774,31,188,88200,Salaried,3800,370,Male,No,Home,2,South,No,0,1,0,1,1,0,0,0,1,1,0
775,47,168,24300,Salaried,2730,200,Male,No,Condo,3,South,No,0,1,0,1,1,0,0,1,0,1,0
776,55,191,62000,Salaried,9630,440,Male,No,Apt,6,East,Yes,0,1,0,1,1,0,1,0,0,0,1
777,28,210,40100,Hourly,5420,960,Male,No,Condo,7,West,Yes,1,0,0,1,1,0,0,1,0,0,1
778,46,190,132000,Salaried,9940,370,Female,No,Home,3,East,No,0,1,1,0,1,0,0,0,1,1,0
779,33,234,37200,Hourly,2090,440,Female,No,Home,3,East,No,1,0,1,0,1,0,0,0,1,1,0
780,40,234,52600,Salaried,3090,4290,Female,Yes,Apt,9,West,Yes,0,1,1,0,0,1,1,0,0,0,1
781,47,203,35100,Hourly,4320,1800,Male,No,Apt,5,East,No,1,0,0,1,1,0,1,0,0,1,0
782,49,190,38300,Hourly,440,0,Male,No,Home,3,East,No,1,0,0,1,1,0,0,0,1,1,0
783,34,195,35600,Hourly,2450,770,Male,No,Home,4,West,No,1,0,0,1,1,0,0,0,1,1,0
784,38,159,54600,Salaried,10960,780,Female,No,Home,6,West,Yes,0,1,1,0,1,0,0,0,1,0,1
785,57,207,38500,Hourly,2760,2240,Male,No,Condo,4,South,No,1,0,0,1,1,0,0,1,0,1,0
786,29,214,108000,Salaried,9320,0,Female,No,Home,1,West,Yes,0,1,1,0,1,0,0,0,1,0,1
787,36,208,50100,Salaried,15690,1390,Male,No,Home,7,South,Yes,0,1,0,1,1,0,0,0,1,0,1
788,34,182,61100,Salaried,8220,1360,Male,No,Home,8,West,Yes,0,1,0,1,1,0,0,0,1,0,1
789,43,176,72000,Hourly,3300,3150,Male,No,Home,5,West,Yes,1,0,0,1,1,0,0,0,1,0,1
790,34,158,6800,Hourly,520,620,Male,No,Home,4,South,No,1,0,0,1,1,0,0,0,1,1,0
791,36,177,26800,Hourly,2270,740,Female,No,Home,1,West,No,1,0,1,0,1,0,0,0,1,1,0
792,47,174,57000,Hourly,3160,420,Male,No,Home,4,West,No,1,0,0,1,1,0,0,0,1,1,0
793,28,172,21600,Hourly,1930,280,Female,No,Home,4,South,Yes,1,0,1,0,1,0,0,0,1,0,1
794,33,167,42100,Hourly,1000,2370,Female,No,Home,5,West,Yes,1,0,1,0,1,0,0,0,1,0,1
795,35,166,57900,Salaried,20630,3470,Female,Yes,Home,4,West,Yes,0,1,1,0,0,1,0,0,1,0,1
796,51,189,74000,Salaried,3600,1870,Male,No,Home,6,West,Yes,0,1,0,1,1,0,0,0,1,0,1
797,58,182,47400,Hourly,1890,1620,Female,Yes,Home,4,South,No,1,0,1,0,0,1,0,0,1,1,0
798,28,165,77200,Salaried,10310,2640,Male,No,Home,10,West,Yes,0,1,0,1,1,0,0,0,1,0,1
799,24,205,136700,Hourly,5390,3210,Female,No,Condo,9,West,Yes,1,0,1,0,1,0,0,1,0,0,1
800,36,218,118700,Salaried,18540,3090,Female,No,Condo,7,South,Yes,0,1,1,0,1,0,0,1,0,0,1
801,32,224,22900,Hourly,1960,6290,Male,No,Home,6,West,Yes,1,0,0,1,1,0,0,0,1,0,1
802,31,192,30200,Hourly,1720,0,Male,No,Home,2,South,No,1,0,0,1,1,0,0,0,1,1,0
803,58,188,53100,Salaried,10540,220,Male,No,Condo,0,East,No,0,1,0,1,1,0,0,1,0,1,0
804,56,218,9500,Hourly,1470,500,Male,No,Home,3,East,No,1,0,0,1,1,0,0,0,1,1,0
805,25,207,50500,Salaried,12020,2340,Female,No,Home,8,South,Yes,0,1,1,0,1,0,0,0,1,0,1
806,48,163,36800,Hourly,3250,2540,Female,Yes,Apt,6,East,Yes,1,0,1,0,0,1,1,0,0,0,1
807,59,164,5800,Hourly,430,820,Female,Yes,Apt,4,East,No,1,0,1,0,0,1,1,0,0,1,0
808,32,236,41100,Salaried,7400,240,Female,Yes,Home,3,West,Yes,0,1,1,0,0,1,0,0,1,0,1
809,34,182,31800,Salaried,17860,1140,Male,No,Home,11,East,Yes,0,1,0,1,1,0,0,0,1,0,1
810,27,160,62000,Salaried,5430,460,Female,No,Apt,5,South,Yes,0,1,1,0,1,0,1,0,0,0,1
811,31,153,63800,Hourly,2020,460,Female,No,Apt,5,West,Yes,1,0,1,0,1,0,1,0,0,0,1
812,23,238,114200,Salaried,7120,3330,Male,No,Home,6,West,Yes,0,1,0,1,1,0,0,0,1,0,1
813,47,235,69700,Salaried,2000,6000,Female,No,Condo,7,West,Yes,0,1,1,0,1,0,0,1,0,0,1
814,40,233,14200,Hourly,1200,740,Female,No,Apt,2,West,No,1,0,1,0,1,0,1,0,0,1,0
815,55,189,21700,Salaried,1610,3050,Male,Yes,Condo,9,West,Yes,0,1,0,1,0,1,0,1,0,0,1
816,23,205,131400,Salaried,2570,810,Male,No,Condo,6,South,Yes,0,1,0,1,1,0,0,1,0,0,1
817,32,222,66800,Salaried,10430,2460,Male,No,Home,8,West,Yes,0,1,0,1,1,0,0,0,1,0,1
818,46,151,26900,Hourly,1760,6970,Female,No,Apt,10,East,Yes,1,0,1,0,1,0,1,0,0,0,1
819,27,164,118900,Salaried,25510,3220,Female,No,Apt,10,South,Yes,0,1,1,0,1,0,1,0,0,0,1
820,24,199,30200,Hourly,870,1620,Female,No,Apt,7,East,Yes,1,0,1,0,1,0,1,0,0,0,1
821,42,193,45800,Salaried,14620,900,Female,No,Home,3,South,No,0,1,1,0,1,0,0,0,1,1,0
822,43,171,63100,Hourly,1880,910,Male,No,Home,3,East,No,1,0,0,1,1,0,0,0,1,1,0
823,36,243,82400,Salaried,9770,670,Female,No,Condo,7,South,Yes,0,1,1,0,1,0,0,1,0,0,1
824,27,189,30000,Salaried,1270,1170,Female,No,Home,6,West,Yes,0,1,1,0,1,0,0,0,1,0,1
825,29,195,34800,Hourly,600,1500,Female,No,Home,8,South,Yes,1,0,1,0,1,0,0,0,1,0,1
826,40,183,54600,Salaried,10780,300,Female,Yes,Apt,2,East,No,0,1,1,0,0,1,1,0,0,1,0
827,49,185,26800,Salaried,9100,950,Female,No,Home,1,South,No,0,1,1,0,1,0,0,0,1,1,0
828,47,186,26300,Hourly,2330,8960,Female,No,Home,6,West,Yes,1,0,1,0,1,0,0,0,1,0,1
829,64,175,19500,Hourly,2050,0,Male,No,Home,2,South,No,1,0,0,1,1,0,0,0,1,1,0
830,31,180,15500,Hourly,2000,2420,Female,No,Home,5,West,Yes,1,0,1,0,1,0,0,0,1,0,1
831,30,176,44000,Salaried,3660,960,Male,No,Home,5,West,Yes,0,1,0,1,1,0,0,0,1,0,1
832,35,203,35200,Salaried,9080,410,Female,No,Home,6,West,Yes,0,1,1,0,1,0,0,0,1,0,1
833,60,196,29300,Hourly,510,1890,Female,Yes,Apt,5,West,No,1,0,1,0,0,1,1,0,0,1,0
834,27,183,32500,Hourly,1380,310,Female,No,Home,0,East,No,1,0,1,0,1,0,0,0,1,1,0
835,37,192,80800,Salaried,5760,1200,Male,No,Home,2,South,Yes,0,1,0,1,1,0,0,0,1,0,1
836,36,215,50100,Hourly,1790,1640,Male,No,Home,7,West,Yes,1,0,0,1,1,0,0,0,1,0,1
837,54,176,66700,Hourly,3300,950,Male,No,Home,4,West,No,1,0,0,1,1,0,0,0,1,1,0
838,31,213,28600,Salaried,2110,480,Female,No,Condo,3,South,Yes,0,1,1,0,1,0,0,1,0,0,1
839,33,149,61900,Salaried,6380,600,Male,No,Home,2,East,No,0,1,0,1,1,0,0,0,1,1,0
840,55,199,15000,Salaried,1210,1540,Female,Yes,Apt,1,East,No,0,1,1,0,0,1,1,0,0,1,0
841,37,205,26600,Hourly,2820,520,Female,No,Home,3,South,No,1,0,1,0,1,0,0,0,1,1,0
842,41,218,48400,Salaried,4670,210,Female,No,Condo,4,West,Yes,0,1,1,0,1,0,0,1,0,0,1
843,56,201,66800,Hourly,5570,2470,Male,No,Condo,2,South,No,1,0,0,1,1,0,0,1,0,1,0
844,44,206,63600,Hourly,4660,200,Female,Yes,Apt,6,South,Yes,1,0,1,0,0,1,1,0,0,0,1
845,35,170,94700,Salaried,6850,1690,Female,No,Condo,6,West,Yes,0,1,1,0,1,0,0,1,0,0,1
846,47,184,41200,Salaried,10730,2170,Female,Yes,Home,9,East,Yes,0,1,1,0,0,1,0,0,1,0,1
847,42,171,50700,Hourly,880,840,Male,No,Home,4,South,No,1,0,0,1,1,0,0,0,1,1,0
848,24,197,58100,Hourly,5150,1360,Female,No,Home,8,West,Yes,1,0,1,0,1,0,0,0,1,0,1
849,27,174,28800,Hourly,3080,4550,Male,No,Apt,11,West,Yes,1,0,0,1,1,0,1,0,0,0,1
850,44,177,10500,Hourly,850,900,Female,No,Home,10,West,Yes,1,0,1,0,1,0,0,0,1,0,1
851,50,183,51300,Hourly,3440,230,Female,Yes,Condo,3,East,No,1,0,1,0,0,1,0,1,0,1,0
852,50,245,101300,Salaried,3270,970,Female,No,Apt,2,South,No,0,1,1,0,1,0,1,0,0,1,0
853,36,227,25300,Salaried,3690,5170,Female,No,Condo,8,West,Yes,0,1,1,0,1,0,0,1,0,0,1
854,32,192,50400,Salaried,6930,1150,Male,No,Condo,5,East,Yes,0,1,0,1,1,0,0,1,0,0,1
855,41,166,9000,Salaried,1170,700,Male,No,Apt,5,West,Yes,0,1,0,1,1,0,1,0,0,0,1
856,61,180,35300,Hourly,1710,1540,Female,No,Home,3,South,No,1,0,1,0,1,0,0,0,1,1,0